user_genome	classification	fastani_reference	fastani_reference_radius	fastani_taxonomy	fastani_ani	fastani_af	closest_placement_reference	closest_placement_taxonomy	closest_placement_ani	closest_placement_af	pplacer_taxonomy	classification_method	note	other_related_references(genome_id,species_name,radius,ANI,AF)	aa_percent	translation_table	red_value	warnings
GCA_002287215.1	d__Archaea;p__Halobacterota;c__Methanomicrobia;o__Methanomicrobiales;f__Methanocorpusculaceae;g__Methanocorpusculum;s__Methanocorpusculum parvum	GCF_002287215.1	95.0	d__Archaea;p__Halobacterota;c__Methanomicrobia;o__Methanomicrobiales;f__Methanocorpusculaceae;g__Methanocorpusculum;s__Methanocorpusculum parvum	100.0	1.0	GCF_002287215.1	d__Archaea;p__Halobacterota;c__Methanomicrobia;o__Methanomicrobiales;f__Methanocorpusculaceae;g__Methanocorpusculum;s__Methanocorpusculum parvum	100.0	1.0	d__Archaea;p__Halobacterota;c__Methanomicrobia;o__Methanomicrobiales;f__Methanocorpusculaceae;g__Methanocorpusculum;s__	ANI/Placement	topological placement and ANI have congruent species assignments	GCA_002498375.1, s__Methanocorpusculum sp002498375, 95.0, 88.91, 0.8; GCF_000015765.1, s__Methanocorpusculum labreanum, 95.0, 85.4, 0.82; GCA_002506085.1, s__Methanocorpusculum sp002506085, 95.0, 80.81, 0.52; GCA_001940805.1, s__Methanocorpusculum sp001940805, 95.0, 77.25, 0.2	97.33	11	N/A	N/A
GCA_002508495.1	d__Archaea;p__Halobacterota;c__Methanomicrobia;o__Methanomicrobiales;f__Methanoregulaceae;g__Methanoregula;s__Methanoregula sp002508495	GCA_002508495.1	95.0	d__Archaea;p__Halobacterota;c__Methanomicrobia;o__Methanomicrobiales;f__Methanoregulaceae;g__Methanoregula;s__Methanoregula sp002508495	100.0	0.98	GCA_002508495.1	d__Archaea;p__Halobacterota;c__Methanomicrobia;o__Methanomicrobiales;f__Methanoregulaceae;g__Methanoregula;s__Methanoregula sp002508495	100.0	0.98	d__Archaea;p__Halobacterota;c__Methanomicrobia;o__Methanomicrobiales;f__Methanoregulaceae;g__Methanoregula;s__	ANI/Placement	topological placement and ANI have congruent species assignments	UBA11803, s__Methanoregula sp11803u, 95.0, 82.47, 0.45; GCA_002839605.1, s__Methanoregula sp002839605, 95.0, 81.74, 0.63; GCF_000327485.1, s__Methanoregula formicica, 95.0, 79.35, 0.41; GCA_002502245.1, s__Methanoregula sp002502245, 95.0, 79.27, 0.31; GCA_002835825.1, s__Methanoregula sp002835825, 95.0, 79.01, 0.3; GCA_003157895.1, s__Methanoregula sp003157895, 95.0, 79.0, 0.24; GCF_000017625.1, s__Methanoregula boonei, 95.0, 78.46, 0.17; GCA_002839675.1, s__Methanoregula sp002839675, 95.0, 78.31, 0.29; GCA_002502735.1, s__Methanoregula sp002502735, 95.0, 78.28, 0.25; GCA_003170075.1, s__Methanoregula sp003170075, 95.0, 78.02, 0.21; GCA_002497485.1, s__Methanoregula sp002497485, 95.0, 77.62, 0.2; GCA_003141335.1, s__Methanoregula sp003141335, 95.0, 77.48, 0.19; GCA_002495055.1, s__Methanoregula sp002495055, 95.0, 77.34, 0.14; GCA_003154335.1, s__Methanoregula sp003154335, 95.0, 77.25, 0.1; GCA_003136075.1, s__Methanoregula sp003136075, 95.0, 77.22, 0.13; GCA_002495065.1, s__Methanoregula sp002495065, 95.0, 76.75, 0.13	70.02	11	N/A	N/A
GCA_002498705.1	d__Archaea;p__Halobacterota;c__Methanomicrobia;o__Methanomicrobiales;f__Methanocorpusculaceae;g__Methanocorpusculum;s__Methanocorpusculum sp002498375	GCA_002498375.1	95.0	d__Archaea;p__Halobacterota;c__Methanomicrobia;o__Methanomicrobiales;f__Methanocorpusculaceae;g__Methanocorpusculum;s__Methanocorpusculum sp002498375	97.82	0.9	GCA_002498375.1	d__Archaea;p__Halobacterota;c__Methanomicrobia;o__Methanomicrobiales;f__Methanocorpusculaceae;g__Methanocorpusculum;s__Methanocorpusculum sp002498375	97.82	0.9	d__Archaea;p__Halobacterota;c__Methanomicrobia;o__Methanomicrobiales;f__Methanocorpusculaceae;g__Methanocorpusculum;s__	ANI/Placement	topological placement and ANI have congruent species assignments	GCF_000015765.1, s__Methanocorpusculum labreanum, 95.0, 89.86, 0.85; GCF_002287215.1, s__Methanocorpusculum parvum, 95.0, 88.69, 0.8; GCA_002506085.1, s__Methanocorpusculum sp002506085, 95.0, 80.3, 0.57; GCA_001940805.1, s__Methanocorpusculum sp001940805, 95.0, 77.7, 0.2	95.63	11	N/A	N/A
GCA_002506145.1	d__Archaea;p__Halobacterota;c__Methanomicrobia;o__Methanomicrobiales;f__Methanoregulaceae;g__Methanoregula;s__Methanoregula sp002502245	GCA_002502245.1	95.0	d__Archaea;p__Halobacterota;c__Methanomicrobia;o__Methanomicrobiales;f__Methanoregulaceae;g__Methanoregula;s__Methanoregula sp002502245	99.77	0.91	GCA_002502245.1	d__Archaea;p__Halobacterota;c__Methanomicrobia;o__Methanomicrobiales;f__Methanoregulaceae;g__Methanoregula;s__Methanoregula sp002502245	99.77	0.91	d__Archaea;p__Halobacterota;c__Methanomicrobia;o__Methanomicrobiales;f__Methanoregulaceae;g__Methanoregula;s__	ANI/Placement	topological placement and ANI have congruent species assignments	GCA_003157895.1, s__Methanoregula sp003157895, 95.0, 82.38, 0.56; GCA_002497485.1, s__Methanoregula sp002497485, 95.0, 81.6, 0.57; GCA_002839605.1, s__Methanoregula sp002839605, 95.0, 79.74, 0.41; GCA_002835825.1, s__Methanoregula sp002835825, 95.0, 79.51, 0.32; UBA11803, s__Methanoregula sp11803u, 95.0, 79.48, 0.32; GCF_000327485.1, s__Methanoregula formicica, 95.0, 79.22, 0.36; GCA_002508495.1, s__Methanoregula sp002508495, 95.0, 78.98, 0.31; GCA_002839675.1, s__Methanoregula sp002839675, 95.0, 78.77, 0.33; GCA_002495055.1, s__Methanoregula sp002495055, 95.0, 78.72, 0.27; GCA_003141335.1, s__Methanoregula sp003141335, 95.0, 78.38, 0.26; GCA_003170075.1, s__Methanoregula sp003170075, 95.0, 78.24, 0.25; GCA_002502735.1, s__Methanoregula sp002502735, 95.0, 78.17, 0.26; GCF_000017625.1, s__Methanoregula boonei, 95.0, 77.86, 0.22; GCA_002495065.1, s__Methanoregula sp002495065, 95.0, 77.73, 0.21; GCA_003154335.1, s__Methanoregula sp003154335, 95.0, 77.4, 0.17; GCA_003136075.1, s__Methanoregula sp003136075, 95.0, 77.29, 0.2	79.47	11	N/A	N/A
GCA_002504525.1	d__Archaea;p__Thermoplasmatota;c__Thermoplasmata;o__Methanomassiliicoccales;f__Methanomassiliicoccaceae;g__DTU008;s__DTU008 sp002504525	GCA_002504525.1	95.0	d__Archaea;p__Thermoplasmatota;c__Thermoplasmata;o__Methanomassiliicoccales;f__Methanomassiliicoccaceae;g__DTU008;s__DTU008 sp002504525	100.0	0.99	GCA_002504525.1	d__Archaea;p__Thermoplasmatota;c__Thermoplasmata;o__Methanomassiliicoccales;f__Methanomassiliicoccaceae;g__DTU008;s__DTU008 sp002504525	100.0	0.99	d__Archaea;p__Thermoplasmatota;c__Thermoplasmata;o__Methanomassiliicoccales;f__Methanomassiliicoccaceae;g__DTU008;s__	ANI/Placement	topological placement and ANI have congruent species assignments	GCA_001421185.1, s__DTU008 sp001421185, 95.0, 83.15, 0.78; GCA_002498285.1, s__DTU008 sp002498285, 95.0, 82.99, 0.8; GCA_001512965.1, s__DTU008 sp001512965, 95.0, 80.07, 0.67	92.45	11	N/A	N/A
GCA_002502245.1	d__Archaea;p__Halobacterota;c__Methanomicrobia;o__Methanomicrobiales;f__Methanoregulaceae;g__Methanoregula;s__Methanoregula sp002502245	GCA_002502245.1	95.0	d__Archaea;p__Halobacterota;c__Methanomicrobia;o__Methanomicrobiales;f__Methanoregulaceae;g__Methanoregula;s__Methanoregula sp002502245	100.0	0.99	GCA_002502245.1	d__Archaea;p__Halobacterota;c__Methanomicrobia;o__Methanomicrobiales;f__Methanoregulaceae;g__Methanoregula;s__Methanoregula sp002502245	100.0	0.99	d__Archaea;p__Halobacterota;c__Methanomicrobia;o__Methanomicrobiales;f__Methanoregulaceae;g__Methanoregula;s__	ANI/Placement	topological placement and ANI have congruent species assignments	GCA_003157895.1, s__Methanoregula sp003157895, 95.0, 82.37, 0.57; GCA_002497485.1, s__Methanoregula sp002497485, 95.0, 81.6, 0.59; GCA_002835825.1, s__Methanoregula sp002835825, 95.0, 79.97, 0.3; GCA_002839605.1, s__Methanoregula sp002839605, 95.0, 79.83, 0.37; GCF_000327485.1, s__Methanoregula formicica, 95.0, 79.75, 0.32; UBA11803, s__Methanoregula sp11803u, 95.0, 79.44, 0.32; GCA_002508495.1, s__Methanoregula sp002508495, 95.0, 79.27, 0.31; GCA_002839675.1, s__Methanoregula sp002839675, 95.0, 79.18, 0.29; GCA_002495055.1, s__Methanoregula sp002495055, 95.0, 78.93, 0.25; GCA_003141335.1, s__Methanoregula sp003141335, 95.0, 78.62, 0.25; GCA_002502735.1, s__Methanoregula sp002502735, 95.0, 78.47, 0.24; GCA_003170075.1, s__Methanoregula sp003170075, 95.0, 78.33, 0.27; GCF_000017625.1, s__Methanoregula boonei, 95.0, 78.06, 0.22; GCA_002495065.1, s__Methanoregula sp002495065, 95.0, 77.65, 0.21; GCA_003154335.1, s__Methanoregula sp003154335, 95.0, 77.56, 0.17; GCA_003136075.1, s__Methanoregula sp003136075, 95.0, 77.4, 0.21	85.15	11	N/A	N/A
GCA_002496345.1	d__Archaea;p__Thermoplasmatota;c__Thermoplasmata;o__Methanomassiliicoccales;f__Methanomassiliicoccaceae;g__DTU008;s__DTU008 sp002504525	GCA_002504525.1	95.0	d__Archaea;p__Thermoplasmatota;c__Thermoplasmata;o__Methanomassiliicoccales;f__Methanomassiliicoccaceae;g__DTU008;s__DTU008 sp002504525	99.25	0.92	GCA_002504525.1	d__Archaea;p__Thermoplasmatota;c__Thermoplasmata;o__Methanomassiliicoccales;f__Methanomassiliicoccaceae;g__DTU008;s__DTU008 sp002504525	99.25	0.92	d__Archaea;p__Thermoplasmatota;c__Thermoplasmata;o__Methanomassiliicoccales;f__Methanomassiliicoccaceae;g__DTU008;s__	ANI/Placement	topological placement and ANI have congruent species assignments	GCA_001421185.1, s__DTU008 sp001421185, 95.0, 83.15, 0.72; GCA_002498285.1, s__DTU008 sp002498285, 95.0, 82.96, 0.78; GCA_001512965.1, s__DTU008 sp001512965, 95.0, 80.09, 0.62	91.88	11	N/A	N/A
GCA_002835825.1	d__Archaea;p__Halobacterota;c__Methanomicrobia;o__Methanomicrobiales;f__Methanoregulaceae;g__Methanoregula;s__Methanoregula sp002835825	GCA_002835825.1	95.0	d__Archaea;p__Halobacterota;c__Methanomicrobia;o__Methanomicrobiales;f__Methanoregulaceae;g__Methanoregula;s__Methanoregula sp002835825	100.0	0.99	GCA_002835825.1	d__Archaea;p__Halobacterota;c__Methanomicrobia;o__Methanomicrobiales;f__Methanoregulaceae;g__Methanoregula;s__Methanoregula sp002835825	100.0	0.99	d__Archaea;p__Halobacterota;c__Methanomicrobia;o__Methanomicrobiales;f__Methanoregulaceae;g__Methanoregula;s__	ANI/Placement	topological placement and ANI have congruent species assignments	GCF_000327485.1, s__Methanoregula formicica, 95.0, 88.16, 0.86; GCA_002502245.1, s__Methanoregula sp002502245, 95.0, 79.97, 0.3; GCA_002839605.1, s__Methanoregula sp002839605, 95.0, 79.44, 0.5; UBA11803, s__Methanoregula sp11803u, 95.0, 79.22, 0.36; GCA_002508495.1, s__Methanoregula sp002508495, 95.0, 79.01, 0.3; GCA_003157895.1, s__Methanoregula sp003157895, 95.0, 78.97, 0.28; GCA_003170075.1, s__Methanoregula sp003170075, 95.0, 78.55, 0.23; GCA_002839675.1, s__Methanoregula sp002839675, 95.0, 78.45, 0.33; GCA_002502735.1, s__Methanoregula sp002502735, 95.0, 78.33, 0.33; GCA_002497485.1, s__Methanoregula sp002497485, 95.0, 77.99, 0.2; GCF_000017625.1, s__Methanoregula boonei, 95.0, 77.96, 0.24; GCA_003136075.1, s__Methanoregula sp003136075, 95.0, 77.73, 0.17; GCA_003141335.1, s__Methanoregula sp003141335, 95.0, 77.29, 0.2; GCA_002495055.1, s__Methanoregula sp002495055, 95.0, 77.15, 0.17; GCA_002495065.1, s__Methanoregula sp002495065, 95.0, 76.75, 0.14; GCA_003154335.1, s__Methanoregula sp003154335, 95.0, 76.57, 0.08	85.23	11	N/A	N/A
GCA_000275865.1	d__Archaea;p__Halobacterota;c__Methanomicrobia;o__Methanomicrobiales;f__Methanofollaceae;g__Methanofollis;s__Methanofollis liminatans	GCF_000275865.1	95.0	d__Archaea;p__Halobacterota;c__Methanomicrobia;o__Methanomicrobiales;f__Methanofollaceae;g__Methanofollis;s__Methanofollis liminatans	100.0	1.0	GCF_000275865.1	d__Archaea;p__Halobacterota;c__Methanomicrobia;o__Methanomicrobiales;f__Methanofollaceae;g__Methanofollis;s__Methanofollis liminatans	100.0	1.0	d__Archaea;p__Halobacterota;c__Methanomicrobia;o__Methanomicrobiales;f__Methanofollaceae;g__Methanofollis;s__	ANI/Placement	topological placement and ANI have congruent species assignments	GCF_001571385.1, s__Methanofollis ethanolicus, 95.0, 81.18, 0.54; GCA_002498315.1, s__Methanofollis sp002498315, 95.0, 80.67, 0.54	97.38	11	N/A	N/A
GCA_002505225.1	d__Archaea;p__Thermoplasmatota;c__Thermoplasmata;o__Methanomassiliicoccales;f__Methanomassiliicoccaceae;g__DTU008;s__DTU008 sp002504525	GCA_002504525.1	95.0	d__Archaea;p__Thermoplasmatota;c__Thermoplasmata;o__Methanomassiliicoccales;f__Methanomassiliicoccaceae;g__DTU008;s__DTU008 sp002504525	98.77	0.92	GCA_002504525.1	d__Archaea;p__Thermoplasmatota;c__Thermoplasmata;o__Methanomassiliicoccales;f__Methanomassiliicoccaceae;g__DTU008;s__DTU008 sp002504525	98.77	0.92	d__Archaea;p__Thermoplasmatota;c__Thermoplasmata;o__Methanomassiliicoccales;f__Methanomassiliicoccaceae;g__DTU008;s__	ANI/Placement	topological placement and ANI have congruent species assignments	GCA_001421185.1, s__DTU008 sp001421185, 95.0, 82.97, 0.8; GCA_002498285.1, s__DTU008 sp002498285, 95.0, 82.83, 0.83; GCA_001512965.1, s__DTU008 sp001512965, 95.0, 79.89, 0.68	86.63	11	N/A	N/A
GCA_002509495.1	d__Archaea;p__Halobacterota;c__Methanomicrobia;o__Methanomicrobiales;f__Methanoregulaceae;g__Methanolinea;s__Methanolinea sp002509495	GCA_002509495.1	95.0	d__Archaea;p__Halobacterota;c__Methanomicrobia;o__Methanomicrobiales;f__Methanoregulaceae;g__Methanolinea;s__Methanolinea sp002509495	100.0	0.99	GCA_002509495.1	d__Archaea;p__Halobacterota;c__Methanomicrobia;o__Methanomicrobiales;f__Methanoregulaceae;g__Methanolinea;s__Methanolinea sp002509495	100.0	0.99	d__Archaea;p__Halobacterota;c__Methanomicrobia;o__Methanomicrobiales;f__Methanoregulaceae;g__Methanolinea;s__	ANI/Placement	topological placement and ANI have congruent species assignments	GCA_002506105.1, s__Methanolinea sp002506105, 95.0, 77.84, 0.19; GCF_000235685.2, s__Methanolinea tarda, 95.0, 76.98, 0.15; UBA11423, s__Methanolinea sp11423u, 95.0, 76.72, 0.19; GCA_002501965.1, s__Methanolinea sp002501965, 95.0, 76.67, 0.15	89.54	11	N/A	N/A
GCA_000013445.1	d__Archaea;p__Halobacterota;c__Methanomicrobia;o__Methanomicrobiales;f__Methanospirillaceae;g__Methanospirillum;s__Methanospirillum hungatei	GCF_000013445.1	95.0	d__Archaea;p__Halobacterota;c__Methanomicrobia;o__Methanomicrobiales;f__Methanospirillaceae;g__Methanospirillum;s__Methanospirillum hungatei	100.0	1.0	GCF_000013445.1	d__Archaea;p__Halobacterota;c__Methanomicrobia;o__Methanomicrobiales;f__Methanospirillaceae;g__Methanospirillum;s__Methanospirillum hungatei	100.0	1.0	d__Archaea;p__Halobacterota;c__Methanomicrobia;o__Methanomicrobiales;f__Methanospirillaceae;g__Methanospirillum;s__	ANI/Placement	topological placement and ANI have congruent species assignments	GCF_003173335.1, s__Methanospirillum stamsii, 95.0, 79.95, 0.31; GCF_003173355.1, s__Methanospirillum lacunae, 95.0, 77.33, 0.09; GCA_003251955.1, s__Methanospirillum hungatei_A, 95.0, 77.19, 0.16	98.5	11	N/A	N/A
GCA_002503495.1	d__Archaea;p__Thermoplasmatota;c__Thermoplasmata;o__Methanomassiliicoccales;f__Methanomassiliicoccaceae;g__DTU008;s__DTU008 sp002504525	GCA_002504525.1	95.0	d__Archaea;p__Thermoplasmatota;c__Thermoplasmata;o__Methanomassiliicoccales;f__Methanomassiliicoccaceae;g__DTU008;s__DTU008 sp002504525	99.06	0.89	GCA_002504525.1	d__Archaea;p__Thermoplasmatota;c__Thermoplasmata;o__Methanomassiliicoccales;f__Methanomassiliicoccaceae;g__DTU008;s__DTU008 sp002504525	99.06	0.89	d__Archaea;p__Thermoplasmatota;c__Thermoplasmata;o__Methanomassiliicoccales;f__Methanomassiliicoccaceae;g__DTU008;s__	ANI/Placement	topological placement and ANI have congruent species assignments	GCA_001421185.1, s__DTU008 sp001421185, 95.0, 83.04, 0.72; GCA_002498285.1, s__DTU008 sp002498285, 95.0, 82.86, 0.71; GCA_001512965.1, s__DTU008 sp001512965, 95.0, 80.0, 0.58	83.18	11	N/A	N/A
GCA_002503645.1	d__Archaea;p__Thermoplasmatota;c__Thermoplasmata;o__Methanomassiliicoccales;f__Methanomassiliicoccaceae;g__DTU008;s__DTU008 sp002504525	GCA_002504525.1	95.0	d__Archaea;p__Thermoplasmatota;c__Thermoplasmata;o__Methanomassiliicoccales;f__Methanomassiliicoccaceae;g__DTU008;s__DTU008 sp002504525	98.88	0.91	GCA_002504525.1	d__Archaea;p__Thermoplasmatota;c__Thermoplasmata;o__Methanomassiliicoccales;f__Methanomassiliicoccaceae;g__DTU008;s__DTU008 sp002504525	98.88	0.91	d__Archaea;p__Thermoplasmatota;c__Thermoplasmata;o__Methanomassiliicoccales;f__Methanomassiliicoccaceae;g__DTU008;s__	ANI/Placement	topological placement and ANI have congruent species assignments	GCA_002498285.1, s__DTU008 sp002498285, 95.0, 83.3, 0.68; GCA_001421185.1, s__DTU008 sp001421185, 95.0, 82.78, 0.74; GCA_001512965.1, s__DTU008 sp001512965, 95.0, 79.61, 0.58	72.89	11	N/A	N/A
GCA_002243045.1	d__Archaea;p__Halobacterota;c__Methanosarcinia;o__Methanosarcinales;f__Methanosarcinaceae;g__Methanolobus;s__Methanolobus psychrotolerans	GCF_002243045.1	95.0	d__Archaea;p__Halobacterota;c__Methanosarcinia;o__Methanosarcinales;f__Methanosarcinaceae;g__Methanolobus;s__Methanolobus psychrotolerans	100.0	1.0	GCF_002243045.1	d__Archaea;p__Halobacterota;c__Methanosarcinia;o__Methanosarcinales;f__Methanosarcinaceae;g__Methanolobus;s__Methanolobus psychrotolerans	100.0	1.0	d__Archaea;p__Halobacterota;c__Methanosarcinia;o__Methanosarcinales;f__Methanosarcinaceae;g__Methanolobus;s__	ANI/Placement	topological placement and ANI have congruent species assignments	GCA_002507205.1, s__Methanolobus sp002507205, 95.0, 82.85, 0.72; GCF_900100715.1, s__Methanolobus vulcani, 95.0, 79.76, 0.46; GCF_900114835.1, s__Methanolobus profundi, 95.0, 79.74, 0.46; GCF_000504205.1, s__Methanolobus tindarius, 95.0, 79.31, 0.43; GCA_002508635.1, s__Methanolobus sp002508635, 95.0, 78.16, 0.24; GCA_001577565.1, s__Methanolobus sp001577565, 95.0, 77.99, 0.21; GCF_000306725.1, s__Methanolobus psychrophilus, 95.0, 77.87, 0.22; GCA_002501695.1, s__Methanolobus sp002501695, 95.0, 77.0, 0.2	98.28	11	N/A	N/A
GCA_003173355.1	d__Archaea;p__Halobacterota;c__Methanomicrobia;o__Methanomicrobiales;f__Methanospirillaceae;g__Methanospirillum;s__Methanospirillum lacunae	GCF_003173355.1	95.0	d__Archaea;p__Halobacterota;c__Methanomicrobia;o__Methanomicrobiales;f__Methanospirillaceae;g__Methanospirillum;s__Methanospirillum lacunae	100.0	1.0	GCF_003173355.1	d__Archaea;p__Halobacterota;c__Methanomicrobia;o__Methanomicrobiales;f__Methanospirillaceae;g__Methanospirillum;s__Methanospirillum lacunae	100.0	1.0	d__Archaea;p__Halobacterota;c__Methanomicrobia;o__Methanomicrobiales;f__Methanospirillaceae;g__Methanospirillum;s__	ANI/Placement	topological placement and ANI have congruent species assignments	GCA_003251955.1, s__Methanospirillum hungatei_A, 95.0, 81.46, 0.73; GCF_000013445.1, s__Methanospirillum hungatei, 95.0, 77.33, 0.09; GCF_003173335.1, s__Methanospirillum stamsii, 95.0, 77.14, 0.09	97.48	11	N/A	N/A
GCA_002499025.1	d__Archaea;p__Halobacterota;c__Methanomicrobia;o__Methanomicrobiales;f__Methanoregulaceae;g__Methanoregula;s__Methanoregula sp002502245	GCA_002502245.1	95.0	d__Archaea;p__Halobacterota;c__Methanomicrobia;o__Methanomicrobiales;f__Methanoregulaceae;g__Methanoregula;s__Methanoregula sp002502245	99.7	0.92	GCA_002502245.1	d__Archaea;p__Halobacterota;c__Methanomicrobia;o__Methanomicrobiales;f__Methanoregulaceae;g__Methanoregula;s__Methanoregula sp002502245	99.7	0.92	d__Archaea;p__Halobacterota;c__Methanomicrobia;o__Methanomicrobiales;f__Methanoregulaceae;g__Methanoregula;s__	ANI/Placement	topological placement and ANI have congruent species assignments	GCA_003157895.1, s__Methanoregula sp003157895, 95.0, 82.48, 0.58; GCA_002497485.1, s__Methanoregula sp002497485, 95.0, 81.68, 0.58; GCA_002839605.1, s__Methanoregula sp002839605, 95.0, 79.58, 0.41; GCA_002835825.1, s__Methanoregula sp002835825, 95.0, 79.54, 0.32; UBA11803, s__Methanoregula sp11803u, 95.0, 79.45, 0.32; GCF_000327485.1, s__Methanoregula formicica, 95.0, 79.35, 0.34; GCA_002508495.1, s__Methanoregula sp002508495, 95.0, 78.93, 0.31; GCA_002495055.1, s__Methanoregula sp002495055, 95.0, 78.89, 0.27; GCA_002839675.1, s__Methanoregula sp002839675, 95.0, 78.89, 0.33; GCA_003141335.1, s__Methanoregula sp003141335, 95.0, 78.52, 0.25; GCA_003170075.1, s__Methanoregula sp003170075, 95.0, 78.26, 0.26; GCA_002502735.1, s__Methanoregula sp002502735, 95.0, 78.18, 0.27; GCF_000017625.1, s__Methanoregula boonei, 95.0, 78.04, 0.23; GCA_002495065.1, s__Methanoregula sp002495065, 95.0, 77.74, 0.23; GCA_003154335.1, s__Methanoregula sp003154335, 95.0, 77.43, 0.18; GCA_003136075.1, s__Methanoregula sp003136075, 95.0, 77.09, 0.21	84.91	11	N/A	N/A
GCA_002498375.1	d__Archaea;p__Halobacterota;c__Methanomicrobia;o__Methanomicrobiales;f__Methanocorpusculaceae;g__Methanocorpusculum;s__Methanocorpusculum sp002498375	GCA_002498375.1	95.0	d__Archaea;p__Halobacterota;c__Methanomicrobia;o__Methanomicrobiales;f__Methanocorpusculaceae;g__Methanocorpusculum;s__Methanocorpusculum sp002498375	100.0	1.0	GCA_002498375.1	d__Archaea;p__Halobacterota;c__Methanomicrobia;o__Methanomicrobiales;f__Methanocorpusculaceae;g__Methanocorpusculum;s__Methanocorpusculum sp002498375	100.0	1.0	d__Archaea;p__Halobacterota;c__Methanomicrobia;o__Methanomicrobiales;f__Methanocorpusculaceae;g__Methanocorpusculum;s__	ANI/Placement	topological placement and ANI have congruent species assignments	GCF_000015765.1, s__Methanocorpusculum labreanum, 95.0, 90.01, 0.86; GCF_002287215.1, s__Methanocorpusculum parvum, 95.0, 88.91, 0.8; GCA_002506085.1, s__Methanocorpusculum sp002506085, 95.0, 80.47, 0.59; GCA_001940805.1, s__Methanocorpusculum sp001940805, 95.0, 77.83, 0.2	97.58	11	N/A	N/A
GCA_000011005.1	d__Archaea;p__Halobacterota;c__Methanocellia;o__Methanocellales;f__Methanocellaceae;g__Methanocella;s__Methanocella paludicola	GCA_000011005.1	95.0	d__Archaea;p__Halobacterota;c__Methanocellia;o__Methanocellales;f__Methanocellaceae;g__Methanocella;s__Methanocella paludicola	100.0	1.0	GCA_000011005.1	d__Archaea;p__Halobacterota;c__Methanocellia;o__Methanocellales;f__Methanocellaceae;g__Methanocella;s__Methanocella paludicola	100.0	1.0	d__Archaea;p__Halobacterota;c__Methanocellia;o__Methanocellales;f__Methanocellaceae;g__Methanocella;s__	ANI/Placement	topological placement and ANI have congruent species assignments	GCF_000251105.1, s__Methanocella conradii, 95.0, 78.66, 0.38	98.67	11	N/A	N/A
GCA_001714685.2	d__Archaea;p__Halobacterota;c__Methanosarcinia;o__Methanosarcinales;f__Methanosarcinaceae;g__Methanosarcina;s__Methanosarcina sp001714685	GCA_001714685.2	95.0	d__Archaea;p__Halobacterota;c__Methanosarcinia;o__Methanosarcinales;f__Methanosarcinaceae;g__Methanosarcina;s__Methanosarcina sp001714685	100.0	0.99	GCA_001714685.2	d__Archaea;p__Halobacterota;c__Methanosarcinia;o__Methanosarcinales;f__Methanosarcinaceae;g__Methanosarcina;s__Methanosarcina sp001714685	100.0	0.99	d__Archaea;p__Halobacterota;c__Methanosarcinia;o__Methanosarcinales;f__Methanosarcinaceae;g__Methanosarcina;s__	ANI/Placement	topological placement and ANI have congruent species assignments	GCA_003157235.1, s__Methanosarcina sp003157235, 95.0, 80.28, 0.47; GCA_003164755.1, s__Methanosarcina sp003164755, 95.0, 80.05, 0.45; GCA_002505485.1, s__Methanosarcina sp002505485, 95.0, 79.93, 0.5; GCA_002496565.1, s__Methanosarcina sp002496565, 95.0, 79.78, 0.47; GCF_000969905.1, s__Methanosarcina vacuolata, 95.0, 79.65, 0.51; GCA_002509325.1, s__Methanosarcina sp002509325, 95.0, 79.63, 0.56; GCF_000970265.1, s__Methanosarcina lacustris, 95.0, 79.54, 0.45; GCA_002499445.1, s__Methanosarcina sp002499445, 95.0, 79.51, 0.51; GCF_000970025.1, s__Methanosarcina barkeri, 95.0, 79.46, 0.49; GCF_000969965.1, s__Methanosarcina sp000969965, 95.0, 79.39, 0.45; GCF_000979455.1, s__Methanosarcina sp000979455, 95.0, 79.37, 0.46; GCF_000195895.1, s__Methanosarcina barkeri_B, 95.0, 79.37, 0.5; GCF_002287235.1, s__Methanosarcina spelaei, 95.0, 79.36, 0.46; GCF_000970305.1, s__Methanosarcina barkeri_A, 95.0, 79.32, 0.46; GCF_001304615.1, s__Methanosarcina flavescens, 95.0, 79.3, 0.48; GCF_000969885.1, s__Methanosarcina thermophila, 95.0, 79.05, 0.48; GCF_000970285.1, s__Methanosarcina horonobensis, 95.0, 79.04, 0.44; GCF_000007345.1, s__Methanosarcina acetivorans, 95.0, 79.03, 0.45; GCF_000970085.1, s__Methanosarcina siciliae, 95.0, 78.93, 0.41; UBA11020, s__Methanosarcina sp11020u, 95.0, 78.89, 0.41; GCF_000970205.1, s__Methanosarcina mazei, 95.0, 78.65, 0.38; UBA10923, s__Methanosarcina sp10923u, 95.0, 78.39, 0.39; UBA8098, s__Methanosarcina sp8098u, 95.0, 78.04, 0.35	98.44	11	N/A	N/A
GCA_002495585.1	d__Archaea;p__Thermoplasmatota;c__Thermoplasmata;o__Methanomassiliicoccales;f__Methanomassiliicoccaceae;g__DTU008;s__DTU008 sp002504525	GCA_002504525.1	95.0	d__Archaea;p__Thermoplasmatota;c__Thermoplasmata;o__Methanomassiliicoccales;f__Methanomassiliicoccaceae;g__DTU008;s__DTU008 sp002504525	98.77	0.89	GCA_002504525.1	d__Archaea;p__Thermoplasmatota;c__Thermoplasmata;o__Methanomassiliicoccales;f__Methanomassiliicoccaceae;g__DTU008;s__DTU008 sp002504525	98.77	0.89	d__Archaea;p__Thermoplasmatota;c__Thermoplasmata;o__Methanomassiliicoccales;f__Methanomassiliicoccaceae;g__DTU008;s__	ANI/Placement	topological placement and ANI have congruent species assignments	GCA_001421185.1, s__DTU008 sp001421185, 95.0, 83.03, 0.77; GCA_002498285.1, s__DTU008 sp002498285, 95.0, 82.89, 0.79; GCA_001512965.1, s__DTU008 sp001512965, 95.0, 79.91, 0.65	96.1	11	N/A	N/A
GCA_000017625.1	d__Archaea;p__Halobacterota;c__Methanomicrobia;o__Methanomicrobiales;f__Methanoregulaceae;g__Methanoregula;s__Methanoregula boonei	GCF_000017625.1	95.0	d__Archaea;p__Halobacterota;c__Methanomicrobia;o__Methanomicrobiales;f__Methanoregulaceae;g__Methanoregula;s__Methanoregula boonei	100.0	1.0	GCF_000017625.1	d__Archaea;p__Halobacterota;c__Methanomicrobia;o__Methanomicrobiales;f__Methanoregulaceae;g__Methanoregula;s__Methanoregula boonei	100.0	1.0	d__Archaea;p__Halobacterota;c__Methanomicrobia;o__Methanomicrobiales;f__Methanoregulaceae;g__Methanoregula;s__	ANI/Placement	topological placement and ANI have congruent species assignments	GCA_002502735.1, s__Methanoregula sp002502735, 95.0, 80.77, 0.5; GCA_003170075.1, s__Methanoregula sp003170075, 95.0, 80.36, 0.56; GCA_002508495.1, s__Methanoregula sp002508495, 95.0, 78.46, 0.17; GCA_002839605.1, s__Methanoregula sp002839605, 95.0, 78.19, 0.21; UBA11803, s__Methanoregula sp11803u, 95.0, 78.09, 0.17; GCA_002502245.1, s__Methanoregula sp002502245, 95.0, 78.06, 0.22; GCF_000327485.1, s__Methanoregula formicica, 95.0, 77.99, 0.24; GCA_002835825.1, s__Methanoregula sp002835825, 95.0, 77.96, 0.24; GCA_003157895.1, s__Methanoregula sp003157895, 95.0, 77.94, 0.24; GCA_003141335.1, s__Methanoregula sp003141335, 95.0, 77.92, 0.17; GCA_002839675.1, s__Methanoregula sp002839675, 95.0, 77.58, 0.22; GCA_003136075.1, s__Methanoregula sp003136075, 95.0, 77.57, 0.24; GCA_003154335.1, s__Methanoregula sp003154335, 95.0, 77.02, 0.11; GCA_002497485.1, s__Methanoregula sp002497485, 95.0, 76.82, 0.16; GCA_002495065.1, s__Methanoregula sp002495065, 95.0, 76.71, 0.09; GCA_002495055.1, s__Methanoregula sp002495055, 95.0, 76.62, 0.1	97.11	11	N/A	N/A
GCA_000327485.1	d__Archaea;p__Halobacterota;c__Methanomicrobia;o__Methanomicrobiales;f__Methanoregulaceae;g__Methanoregula;s__Methanoregula formicica	GCF_000327485.1	95.0	d__Archaea;p__Halobacterota;c__Methanomicrobia;o__Methanomicrobiales;f__Methanoregulaceae;g__Methanoregula;s__Methanoregula formicica	100.0	1.0	GCF_000327485.1	d__Archaea;p__Halobacterota;c__Methanomicrobia;o__Methanomicrobiales;f__Methanoregulaceae;g__Methanoregula;s__Methanoregula formicica	100.0	1.0	d__Archaea;p__Halobacterota;c__Methanomicrobia;o__Methanomicrobiales;f__Methanoregulaceae;g__Methanoregula;s__	ANI/Placement	topological placement and ANI have congruent species assignments	GCA_002835825.1, s__Methanoregula sp002835825, 95.0, 88.16, 0.86; GCA_002502245.1, s__Methanoregula sp002502245, 95.0, 79.75, 0.32; GCA_002839605.1, s__Methanoregula sp002839605, 95.0, 79.63, 0.39; GCA_002508495.1, s__Methanoregula sp002508495, 95.0, 79.35, 0.41; UBA11803, s__Methanoregula sp11803u, 95.0, 79.35, 0.4; GCA_003157895.1, s__Methanoregula sp003157895, 95.0, 79.02, 0.34; GCA_002497485.1, s__Methanoregula sp002497485, 95.0, 78.42, 0.27; GCA_002839675.1, s__Methanoregula sp002839675, 95.0, 78.39, 0.3; GCA_002502735.1, s__Methanoregula sp002502735, 95.0, 78.36, 0.31; GCA_003170075.1, s__Methanoregula sp003170075, 95.0, 78.07, 0.3; GCA_003141335.1, s__Methanoregula sp003141335, 95.0, 78.04, 0.22; GCF_000017625.1, s__Methanoregula boonei, 95.0, 77.99, 0.24; GCA_002495055.1, s__Methanoregula sp002495055, 95.0, 77.74, 0.15; GCA_003154335.1, s__Methanoregula sp003154335, 95.0, 77.43, 0.15; GCA_003136075.1, s__Methanoregula sp003136075, 95.0, 77.41, 0.21; GCA_002495065.1, s__Methanoregula sp002495065, 95.0, 77.31, 0.12	97.23	11	N/A	N/A
GCA_000430905.1	d__Archaea;p__Halobacterota;c__Methanomicrobia;o__Methanomicrobiales;f__Methanocorpusculaceae;g__Methanocorpusculum;s__Methanocorpusculum parvum	GCF_002287215.1	95.0	d__Archaea;p__Halobacterota;c__Methanomicrobia;o__Methanomicrobiales;f__Methanocorpusculaceae;g__Methanocorpusculum;s__Methanocorpusculum parvum	98.47	0.9	GCF_002287215.1	d__Archaea;p__Halobacterota;c__Methanomicrobia;o__Methanomicrobiales;f__Methanocorpusculaceae;g__Methanocorpusculum;s__Methanocorpusculum parvum	98.47	0.9	d__Archaea;p__Halobacterota;c__Methanomicrobia;o__Methanomicrobiales;f__Methanocorpusculaceae;g__Methanocorpusculum;s__	ANI/Placement	topological placement and ANI have congruent species assignments	GCA_002498375.1, s__Methanocorpusculum sp002498375, 95.0, 89.02, 0.82; GCF_000015765.1, s__Methanocorpusculum labreanum, 95.0, 85.45, 0.79; GCA_002506085.1, s__Methanocorpusculum sp002506085, 95.0, 80.64, 0.53; GCA_001940805.1, s__Methanocorpusculum sp001940805, 95.0, 77.32, 0.21	97.33	11	N/A	N/A
GCA_001421185.1	d__Archaea;p__Thermoplasmatota;c__Thermoplasmata;o__Methanomassiliicoccales;f__Methanomassiliicoccaceae;g__DTU008;s__DTU008 sp001421185	GCA_001421185.1	95.0	d__Archaea;p__Thermoplasmatota;c__Thermoplasmata;o__Methanomassiliicoccales;f__Methanomassiliicoccaceae;g__DTU008;s__DTU008 sp001421185	100.0	0.99	GCA_001421185.1	d__Archaea;p__Thermoplasmatota;c__Thermoplasmata;o__Methanomassiliicoccales;f__Methanomassiliicoccaceae;g__DTU008;s__DTU008 sp001421185	100.0	0.99	d__Archaea;p__Thermoplasmatota;c__Thermoplasmata;o__Methanomassiliicoccales;f__Methanomassiliicoccaceae;g__DTU008;s__	ANI/Placement	topological placement and ANI have congruent species assignments	GCA_002498285.1, s__DTU008 sp002498285, 95.0, 87.78, 0.82; GCA_002504525.1, s__DTU008 sp002504525, 95.0, 83.15, 0.78; GCA_001512965.1, s__DTU008 sp001512965, 95.0, 81.73, 0.75	91.32	11	N/A	N/A
GCA_000328665.1	d__Archaea;p__Halobacterota;c__Methanosarcinia;o__Methanosarcinales;f__Methanosarcinaceae;g__Methanomethylovorans;s__Methanomethylovorans hollandica	GCF_000328665.1	95.0	d__Archaea;p__Halobacterota;c__Methanosarcinia;o__Methanosarcinales;f__Methanosarcinaceae;g__Methanomethylovorans;s__Methanomethylovorans hollandica	100.0	1.0	GCF_000328665.1	d__Archaea;p__Halobacterota;c__Methanosarcinia;o__Methanosarcinales;f__Methanosarcinaceae;g__Methanomethylovorans;s__Methanomethylovorans hollandica	100.0	1.0	d__Archaea;p__Halobacterota;c__Methanosarcinia;o__Methanosarcinales;f__Methanosarcinaceae;g__Methanomethylovorans;s__	ANI/Placement	topological placement and ANI have congruent species assignments	GCA_001896725.1, s__Methanomethylovorans sp001896725, 95.0, 82.18, 0.71; GCA_002508425.1, s__Methanomethylovorans sp002508425, 95.0, 81.43, 0.64	99.08	11	N/A	N/A
GCA_000063445.1	d__Archaea;p__Halobacterota;c__Methanocellia;o__Methanocellales;f__Methanocellaceae;g__Methanocella_A;s__Methanocella_A arvoryzae	GCF_000063445.1	95.0	d__Archaea;p__Halobacterota;c__Methanocellia;o__Methanocellales;f__Methanocellaceae;g__Methanocella_A;s__Methanocella_A arvoryzae	100.0	1.0	GCF_000063445.1	d__Archaea;p__Halobacterota;c__Methanocellia;o__Methanocellales;f__Methanocellaceae;g__Methanocella_A;s__Methanocella_A arvoryzae	100.0	1.0	d__Archaea;p__Halobacterota;c__Methanocellia;o__Methanocellales;f__Methanocellaceae;g__;s__	ANI/Placement	topological placement and ANI have congruent species assignments	N/A	98.42	11	N/A	N/A
GCA_002508555.1	d__Archaea;p__Thermoplasmatota;c__Thermoplasmata;o__Methanomassiliicoccales;f__Methanomassiliicoccaceae;g__DTU008;s__DTU008 sp002504525	GCA_002504525.1	95.0	d__Archaea;p__Thermoplasmatota;c__Thermoplasmata;o__Methanomassiliicoccales;f__Methanomassiliicoccaceae;g__DTU008;s__DTU008 sp002504525	99.27	0.97	GCA_002504525.1	d__Archaea;p__Thermoplasmatota;c__Thermoplasmata;o__Methanomassiliicoccales;f__Methanomassiliicoccaceae;g__DTU008;s__DTU008 sp002504525	99.27	0.97	d__Archaea;p__Thermoplasmatota;c__Thermoplasmata;o__Methanomassiliicoccales;f__Methanomassiliicoccaceae;g__DTU008;s__	ANI/Placement	topological placement and ANI have congruent species assignments	GCA_001421185.1, s__DTU008 sp001421185, 95.0, 83.07, 0.77; GCA_002498285.1, s__DTU008 sp002498285, 95.0, 83.05, 0.73; GCA_001512965.1, s__DTU008 sp001512965, 95.0, 80.08, 0.6	85.28	11	N/A	N/A
GCA_001412355.1	d__Archaea;p__Halobacterota;c__Methanomicrobia;o__Methanomicrobiales;f__Methanomicrobiaceae;g__LKUD01;s__LKUD01 sp001412355	GCA_001412355.1	95.0	d__Archaea;p__Halobacterota;c__Methanomicrobia;o__Methanomicrobiales;f__Methanomicrobiaceae;g__LKUD01;s__LKUD01 sp001412355	100.0	0.99	GCA_001412355.1	d__Archaea;p__Halobacterota;c__Methanomicrobia;o__Methanomicrobiales;f__Methanomicrobiaceae;g__LKUD01;s__LKUD01 sp001412355	100.0	0.99	d__Archaea;p__Halobacterota;c__Methanomicrobia;o__Methanomicrobiales;f__Methanomicrobiaceae;g__;s__	ANI/Placement	topological placement and ANI have congruent species assignments	N/A	97.48	11	N/A	N/A
GCA_000306725.1	d__Archaea;p__Halobacterota;c__Methanosarcinia;o__Methanosarcinales;f__Methanosarcinaceae;g__Methanolobus;s__Methanolobus psychrophilus	GCF_000306725.1	95.0	d__Archaea;p__Halobacterota;c__Methanosarcinia;o__Methanosarcinales;f__Methanosarcinaceae;g__Methanolobus;s__Methanolobus psychrophilus	100.0	1.0	GCF_000306725.1	d__Archaea;p__Halobacterota;c__Methanosarcinia;o__Methanosarcinales;f__Methanosarcinaceae;g__Methanolobus;s__Methanolobus psychrophilus	100.0	1.0	d__Archaea;p__Halobacterota;c__Methanosarcinia;o__Methanosarcinales;f__Methanosarcinaceae;g__Methanolobus;s__	ANI/Placement	topological placement and ANI have congruent species assignments	GCA_002501695.1, s__Methanolobus sp002501695, 95.0, 82.96, 0.79; GCF_002243045.1, s__Methanolobus psychrotolerans, 95.0, 77.87, 0.22; GCA_002508635.1, s__Methanolobus sp002508635, 95.0, 77.72, 0.26; GCA_001577565.1, s__Methanolobus sp001577565, 95.0, 77.59, 0.25; GCA_002507205.1, s__Methanolobus sp002507205, 95.0, 77.49, 0.23; GCF_900114835.1, s__Methanolobus profundi, 95.0, 77.35, 0.18; GCF_000504205.1, s__Methanolobus tindarius, 95.0, 77.27, 0.14; GCF_900100715.1, s__Methanolobus vulcani, 95.0, 76.94, 0.15	98.97	11	N/A	N/A
GCA_002499905.1	d__Archaea;p__Halobacterota;c__Methanomicrobia;o__Methanomicrobiales;f__Methanoregulaceae;g__UBA9949;s__UBA9949 sp002499905	GCA_002499905.1	95.0	d__Archaea;p__Halobacterota;c__Methanomicrobia;o__Methanomicrobiales;f__Methanoregulaceae;g__UBA9949;s__UBA9949 sp002499905	100.0	1.0	GCA_002499905.1	d__Archaea;p__Halobacterota;c__Methanomicrobia;o__Methanomicrobiales;f__Methanoregulaceae;g__UBA9949;s__UBA9949 sp002499905	100.0	1.0	d__Archaea;p__Halobacterota;c__Methanomicrobia;o__Methanomicrobiales;f__Methanoregulaceae;g__UBA9949;s__	ANI/Placement	topological placement and ANI have congruent species assignments	UBA10516, s__UBA9949 sp10516u, 95.0, 78.23, 0.3	98.01	11	N/A	N/A
GCA_002502005.1	d__Archaea;p__Thermoplasmatota;c__Thermoplasmata;o__Methanomassiliicoccales;f__Methanomassiliicoccaceae;g__DTU008;s__DTU008 sp002504525	GCA_002504525.1	95.0	d__Archaea;p__Thermoplasmatota;c__Thermoplasmata;o__Methanomassiliicoccales;f__Methanomassiliicoccaceae;g__DTU008;s__DTU008 sp002504525	99.15	0.93	GCA_002504525.1	d__Archaea;p__Thermoplasmatota;c__Thermoplasmata;o__Methanomassiliicoccales;f__Methanomassiliicoccaceae;g__DTU008;s__DTU008 sp002504525	99.15	0.93	d__Archaea;p__Thermoplasmatota;c__Thermoplasmata;o__Methanomassiliicoccales;f__Methanomassiliicoccaceae;g__DTU008;s__	ANI/Placement	topological placement and ANI have congruent species assignments	GCA_001421185.1, s__DTU008 sp001421185, 95.0, 83.06, 0.73; GCA_002498285.1, s__DTU008 sp002498285, 95.0, 82.86, 0.72; GCA_001512965.1, s__DTU008 sp001512965, 95.0, 79.8, 0.57	75.08	11	N/A	N/A
GCA_002502735.1	d__Archaea;p__Halobacterota;c__Methanomicrobia;o__Methanomicrobiales;f__Methanoregulaceae;g__Methanoregula;s__Methanoregula sp002502735	GCA_002502735.1	95.0	d__Archaea;p__Halobacterota;c__Methanomicrobia;o__Methanomicrobiales;f__Methanoregulaceae;g__Methanoregula;s__Methanoregula sp002502735	100.0	1.0	GCA_002502735.1	d__Archaea;p__Halobacterota;c__Methanomicrobia;o__Methanomicrobiales;f__Methanoregulaceae;g__Methanoregula;s__Methanoregula sp002502735	100.0	1.0	d__Archaea;p__Halobacterota;c__Methanomicrobia;o__Methanomicrobiales;f__Methanoregulaceae;g__Methanoregula;s__	ANI/Placement	topological placement and ANI have congruent species assignments	GCA_003170075.1, s__Methanoregula sp003170075, 95.0, 80.91, 0.58; GCF_000017625.1, s__Methanoregula boonei, 95.0, 80.77, 0.5; GCA_002502245.1, s__Methanoregula sp002502245, 95.0, 78.47, 0.24; GCA_002839605.1, s__Methanoregula sp002839605, 95.0, 78.41, 0.28; GCF_000327485.1, s__Methanoregula formicica, 95.0, 78.36, 0.31; GCA_002835825.1, s__Methanoregula sp002835825, 95.0, 78.33, 0.33; GCA_002508495.1, s__Methanoregula sp002508495, 95.0, 78.28, 0.25; GCA_002839675.1, s__Methanoregula sp002839675, 95.0, 78.04, 0.24; GCA_003157895.1, s__Methanoregula sp003157895, 95.0, 77.94, 0.25; UBA11803, s__Methanoregula sp11803u, 95.0, 77.84, 0.26; GCA_003136075.1, s__Methanoregula sp003136075, 95.0, 77.43, 0.25; GCA_002495055.1, s__Methanoregula sp002495055, 95.0, 77.37, 0.1; GCA_002497485.1, s__Methanoregula sp002497485, 95.0, 77.23, 0.19; GCA_003141335.1, s__Methanoregula sp003141335, 95.0, 77.19, 0.16; GCA_003154335.1, s__Methanoregula sp003154335, 95.0, 76.84, 0.1; GCA_002495065.1, s__Methanoregula sp002495065, 95.0, 76.52, 0.1	97.4	11	N/A	N/A
GCA_001577565.1	d__Archaea;p__Halobacterota;c__Methanosarcinia;o__Methanosarcinales;f__Methanosarcinaceae;g__Methanolobus;s__Methanolobus sp001577565	GCA_001577565.1	95.0	d__Archaea;p__Halobacterota;c__Methanosarcinia;o__Methanosarcinales;f__Methanosarcinaceae;g__Methanolobus;s__Methanolobus sp001577565	100.0	0.99	GCA_001577565.1	d__Archaea;p__Halobacterota;c__Methanosarcinia;o__Methanosarcinales;f__Methanosarcinaceae;g__Methanolobus;s__Methanolobus sp001577565	100.0	0.99	d__Archaea;p__Halobacterota;c__Methanosarcinia;o__Methanosarcinales;f__Methanosarcinaceae;g__Methanolobus;s__	ANI/Placement	topological placement and ANI have congruent species assignments	GCA_002508635.1, s__Methanolobus sp002508635, 95.0, 94.5, 0.79; GCF_900114835.1, s__Methanolobus profundi, 95.0, 78.73, 0.27; GCF_900100715.1, s__Methanolobus vulcani, 95.0, 78.57, 0.22; GCF_000504205.1, s__Methanolobus tindarius, 95.0, 78.43, 0.21; GCA_002507205.1, s__Methanolobus sp002507205, 95.0, 78.04, 0.24; GCF_002243045.1, s__Methanolobus psychrotolerans, 95.0, 77.99, 0.21; GCF_000306725.1, s__Methanolobus psychrophilus, 95.0, 77.59, 0.25; GCA_002501695.1, s__Methanolobus sp002501695, 95.0, 77.0, 0.24	94.85	11	N/A	N/A
GCA_000504205.1	d__Archaea;p__Halobacterota;c__Methanosarcinia;o__Methanosarcinales;f__Methanosarcinaceae;g__Methanolobus;s__Methanolobus tindarius	GCF_000504205.1	95.0	d__Archaea;p__Halobacterota;c__Methanosarcinia;o__Methanosarcinales;f__Methanosarcinaceae;g__Methanolobus;s__Methanolobus tindarius	100.0	1.0	GCF_000504205.1	d__Archaea;p__Halobacterota;c__Methanosarcinia;o__Methanosarcinales;f__Methanosarcinaceae;g__Methanolobus;s__Methanolobus tindarius	100.0	1.0	d__Archaea;p__Halobacterota;c__Methanosarcinia;o__Methanosarcinales;f__Methanosarcinaceae;g__Methanolobus;s__	ANI/Placement	topological placement and ANI have congruent species assignments	GCF_900100715.1, s__Methanolobus vulcani, 95.0, 86.34, 0.81; GCF_900114835.1, s__Methanolobus profundi, 95.0, 80.95, 0.5; GCA_002507205.1, s__Methanolobus sp002507205, 95.0, 79.86, 0.53; GCF_002243045.1, s__Methanolobus psychrotolerans, 95.0, 79.31, 0.43; GCA_001577565.1, s__Methanolobus sp001577565, 95.0, 78.43, 0.21; GCA_002508635.1, s__Methanolobus sp002508635, 95.0, 78.24, 0.26; GCF_000306725.1, s__Methanolobus psychrophilus, 95.0, 77.27, 0.14; GCA_002501695.1, s__Methanolobus sp002501695, 95.0, 76.36, 0.15	99.02	11	N/A	N/A
GCA_002839545.1	d__Archaea;p__Halobacterota;c__Methanosarcinia;o__Methanosarcinales;f__Methanoperedenaceae;g__Methanoperedens_A;s__Methanoperedens_A sp002839545	GCA_002839545.1	95.0	d__Archaea;p__Halobacterota;c__Methanosarcinia;o__Methanosarcinales;f__Methanoperedenaceae;g__Methanoperedens_A;s__Methanoperedens_A sp002839545	100.0	0.98	GCA_002839545.1	d__Archaea;p__Halobacterota;c__Methanosarcinia;o__Methanosarcinales;f__Methanoperedenaceae;g__Methanoperedens_A;s__Methanoperedens_A sp002839545	100.0	0.98	d__Archaea;p__Halobacterota;c__Methanosarcinia;o__Methanosarcinales;f__Methanoperedenaceae;g__;s__	ANI/Placement	topological placement and ANI have congruent species assignments	N/A	94.61	11	N/A	N/A
GCA_003157895.1	d__Archaea;p__Halobacterota;c__Methanomicrobia;o__Methanomicrobiales;f__Methanoregulaceae;g__Methanoregula;s__Methanoregula sp003157895	GCA_003157895.1	95.0	d__Archaea;p__Halobacterota;c__Methanomicrobia;o__Methanomicrobiales;f__Methanoregulaceae;g__Methanoregula;s__Methanoregula sp003157895	100.0	0.98	GCA_003157895.1	d__Archaea;p__Halobacterota;c__Methanomicrobia;o__Methanomicrobiales;f__Methanoregulaceae;g__Methanoregula;s__Methanoregula sp003157895	100.0	0.98	d__Archaea;p__Halobacterota;c__Methanomicrobia;o__Methanomicrobiales;f__Methanoregulaceae;g__Methanoregula;s__	ANI/Placement	topological placement and ANI have congruent species assignments	GCA_002502245.1, s__Methanoregula sp002502245, 95.0, 82.37, 0.57; GCA_002497485.1, s__Methanoregula sp002497485, 95.0, 81.08, 0.48; GCA_002839605.1, s__Methanoregula sp002839605, 95.0, 79.44, 0.38; UBA11803, s__Methanoregula sp11803u, 95.0, 79.05, 0.28; GCF_000327485.1, s__Methanoregula formicica, 95.0, 79.02, 0.34; GCA_002508495.1, s__Methanoregula sp002508495, 95.0, 79.0, 0.24; GCA_002835825.1, s__Methanoregula sp002835825, 95.0, 78.97, 0.28; GCA_002839675.1, s__Methanoregula sp002839675, 95.0, 78.57, 0.33; GCA_003141335.1, s__Methanoregula sp003141335, 95.0, 78.41, 0.25; GCA_003170075.1, s__Methanoregula sp003170075, 95.0, 78.31, 0.28; GCF_000017625.1, s__Methanoregula boonei, 95.0, 77.94, 0.24; GCA_002502735.1, s__Methanoregula sp002502735, 95.0, 77.94, 0.25; GCA_002495055.1, s__Methanoregula sp002495055, 95.0, 77.78, 0.21; GCA_003154335.1, s__Methanoregula sp003154335, 95.0, 77.57, 0.19; GCA_003136075.1, s__Methanoregula sp003136075, 95.0, 77.47, 0.2; GCA_002495065.1, s__Methanoregula sp002495065, 95.0, 77.2, 0.18	83.47	11	N/A	N/A
GCA_002506105.1	d__Archaea;p__Halobacterota;c__Methanomicrobia;o__Methanomicrobiales;f__Methanoregulaceae;g__Methanolinea;s__Methanolinea sp002506105	GCA_002506105.1	95.0	d__Archaea;p__Halobacterota;c__Methanomicrobia;o__Methanomicrobiales;f__Methanoregulaceae;g__Methanolinea;s__Methanolinea sp002506105	100.0	1.0	GCA_002506105.1	d__Archaea;p__Halobacterota;c__Methanomicrobia;o__Methanomicrobiales;f__Methanoregulaceae;g__Methanolinea;s__Methanolinea sp002506105	100.0	1.0	d__Archaea;p__Halobacterota;c__Methanomicrobia;o__Methanomicrobiales;f__Methanoregulaceae;g__Methanolinea;s__	ANI/Placement	topological placement and ANI have congruent species assignments	GCF_000235685.2, s__Methanolinea tarda, 95.0, 78.15, 0.19; UBA11423, s__Methanolinea sp11423u, 95.0, 78.04, 0.34; GCA_002509495.1, s__Methanolinea sp002509495, 95.0, 77.84, 0.19; GCA_002501965.1, s__Methanolinea sp002501965, 95.0, 76.72, 0.26	95.51	11	N/A	N/A
GCA_002496855.1	d__Archaea;p__Halobacterota;c__Methanomicrobia;o__Methanomicrobiales;f__Methanoregulaceae;g__Methanolinea;s__Methanolinea sp002506105	GCA_002506105.1	95.0	d__Archaea;p__Halobacterota;c__Methanomicrobia;o__Methanomicrobiales;f__Methanoregulaceae;g__Methanolinea;s__Methanolinea sp002506105	99.95	0.94	GCA_002506105.1	d__Archaea;p__Halobacterota;c__Methanomicrobia;o__Methanomicrobiales;f__Methanoregulaceae;g__Methanolinea;s__Methanolinea sp002506105	99.95	0.94	d__Archaea;p__Halobacterota;c__Methanomicrobia;o__Methanomicrobiales;f__Methanoregulaceae;g__Methanolinea;s__	ANI/Placement	topological placement and ANI have congruent species assignments	UBA11423, s__Methanolinea sp11423u, 95.0, 78.2, 0.34; GCA_002509495.1, s__Methanolinea sp002509495, 95.0, 77.94, 0.18; GCF_000235685.2, s__Methanolinea tarda, 95.0, 77.84, 0.19; GCA_002501965.1, s__Methanolinea sp002501965, 95.0, 76.72, 0.26	96.99	11	N/A	N/A
GCA_002508465.1	d__Archaea;p__Halobacterota;c__Methanosarcinia;o__Methanosarcinales;f__Methanosarcinaceae;g__Methanosarcina;s__Methanosarcina spelaei	GCF_002287235.1	95.0	d__Archaea;p__Halobacterota;c__Methanosarcinia;o__Methanosarcinales;f__Methanosarcinaceae;g__Methanosarcina;s__Methanosarcina spelaei	95.12	0.84	GCF_002287235.1	d__Archaea;p__Halobacterota;c__Methanosarcinia;o__Methanosarcinales;f__Methanosarcinaceae;g__Methanosarcina;s__Methanosarcina spelaei	95.12	0.84	d__Archaea;p__Halobacterota;c__Methanosarcinia;o__Methanosarcinales;f__Methanosarcinaceae;g__Methanosarcina;s__	ANI/Placement	topological placement and ANI have congruent species assignments	GCF_000970305.1, s__Methanosarcina barkeri_A, 95.0, 94.46, 0.86; UBA11020, s__Methanosarcina sp11020u, 95.0, 93.54, 0.77; GCF_000969905.1, s__Methanosarcina vacuolata, 95.0, 86.63, 0.76; GCF_000970025.1, s__Methanosarcina barkeri, 95.0, 86.54, 0.75; GCF_000195895.1, s__Methanosarcina barkeri_B, 95.0, 86.43, 0.78; GCA_002505485.1, s__Methanosarcina sp002505485, 95.0, 86.11, 0.71; GCA_002496565.1, s__Methanosarcina sp002496565, 95.0, 84.26, 0.67; GCA_002509325.1, s__Methanosarcina sp002509325, 95.0, 81.84, 0.69; GCA_002499445.1, s__Methanosarcina sp002499445, 95.0, 81.49, 0.63; GCF_001304615.1, s__Methanosarcina flavescens, 95.0, 80.99, 0.61; GCF_000969885.1, s__Methanosarcina thermophila, 95.0, 80.51, 0.61; GCA_001714685.2, s__Methanosarcina sp001714685, 95.0, 79.23, 0.41; GCF_000007345.1, s__Methanosarcina acetivorans, 95.0, 78.85, 0.4; GCF_000970285.1, s__Methanosarcina horonobensis, 95.0, 78.77, 0.41; GCF_000979455.1, s__Methanosarcina sp000979455, 95.0, 78.62, 0.38; GCF_000970085.1, s__Methanosarcina siciliae, 95.0, 78.57, 0.36; GCF_000969965.1, s__Methanosarcina sp000969965, 95.0, 78.48, 0.36; GCF_000970265.1, s__Methanosarcina lacustris, 95.0, 78.34, 0.35; UBA10923, s__Methanosarcina sp10923u, 95.0, 78.32, 0.39; GCF_000970205.1, s__Methanosarcina mazei, 95.0, 78.3, 0.34; UBA8098, s__Methanosarcina sp8098u, 95.0, 77.95, 0.34; GCA_003157235.1, s__Methanosarcina sp003157235, 95.0, 77.55, 0.26; GCA_003164755.1, s__Methanosarcina sp003164755, 95.0, 77.47, 0.23	70.22	11	N/A	N/A
GCA_003153835.1	d__Archaea;p__Halobacterota;c__Methanomicrobia;o__Methanomicrobiales;f__Methanoregulaceae;g__Methanoregula;s__Methanoregula sp003154335	GCA_003154335.1	95.0	d__Archaea;p__Halobacterota;c__Methanomicrobia;o__Methanomicrobiales;f__Methanoregulaceae;g__Methanoregula;s__Methanoregula sp003154335	99.08	0.9	GCA_003154335.1	d__Archaea;p__Halobacterota;c__Methanomicrobia;o__Methanomicrobiales;f__Methanoregulaceae;g__Methanoregula;s__Methanoregula sp003154335	99.08	0.9	d__Archaea;p__Halobacterota;c__Methanomicrobia;o__Methanomicrobiales;f__Methanoregulaceae;g__Methanoregula;s__	ANI/Placement	topological placement and ANI have congruent species assignments	GCA_003141335.1, s__Methanoregula sp003141335, 95.0, 79.21, 0.37; GCA_002495055.1, s__Methanoregula sp002495055, 95.0, 78.77, 0.41; GCA_002495065.1, s__Methanoregula sp002495065, 95.0, 77.95, 0.28; GCA_002502245.1, s__Methanoregula sp002502245, 95.0, 77.93, 0.16; GCA_002839605.1, s__Methanoregula sp002839605, 95.0, 77.87, 0.15; GCA_002839675.1, s__Methanoregula sp002839675, 95.0, 77.77, 0.21; GCA_002508495.1, s__Methanoregula sp002508495, 95.0, 77.58, 0.1; GCA_003157895.1, s__Methanoregula sp003157895, 95.0, 77.56, 0.17; GCA_003136075.1, s__Methanoregula sp003136075, 95.0, 77.36, 0.15; UBA11803, s__Methanoregula sp11803u, 95.0, 77.26, 0.1; GCA_003170075.1, s__Methanoregula sp003170075, 95.0, 77.09, 0.13; GCF_000017625.1, s__Methanoregula boonei, 95.0, 77.08, 0.12; GCF_000327485.1, s__Methanoregula formicica, 95.0, 77.04, 0.15; GCA_002497485.1, s__Methanoregula sp002497485, 95.0, 76.53, 0.12; GCA_002502735.1, s__Methanoregula sp002502735, 95.0, 76.44, 0.12	80.8	11	N/A	N/A
GCA_003170975.1	d__Archaea;p__Halobacterota;c__Methanomicrobia;o__Methanomicrobiales;f__Methanoregulaceae;g__Methanoregula;s__Methanoregula sp003157895	GCA_003157895.1	95.0	d__Archaea;p__Halobacterota;c__Methanomicrobia;o__Methanomicrobiales;f__Methanoregulaceae;g__Methanoregula;s__Methanoregula sp003157895	99.03	0.85	GCA_003157895.1	d__Archaea;p__Halobacterota;c__Methanomicrobia;o__Methanomicrobiales;f__Methanoregulaceae;g__Methanoregula;s__Methanoregula sp003157895	99.03	0.85	d__Archaea;p__Halobacterota;c__Methanomicrobia;o__Methanomicrobiales;f__Methanoregulaceae;g__Methanoregula;s__	ANI/Placement	topological placement and ANI have congruent species assignments	GCA_002502245.1, s__Methanoregula sp002502245, 95.0, 82.34, 0.57; GCA_002497485.1, s__Methanoregula sp002497485, 95.0, 81.14, 0.49; GCA_002839605.1, s__Methanoregula sp002839605, 95.0, 79.27, 0.38; UBA11803, s__Methanoregula sp11803u, 95.0, 79.03, 0.27; GCF_000327485.1, s__Methanoregula formicica, 95.0, 79.0, 0.34; GCA_002835825.1, s__Methanoregula sp002835825, 95.0, 78.94, 0.28; GCA_003154335.1, s__Methanoregula sp003154335, 95.0, 78.77, 0.18; GCA_002508495.1, s__Methanoregula sp002508495, 95.0, 78.59, 0.26; GCA_002839675.1, s__Methanoregula sp002839675, 95.0, 78.36, 0.32; GCA_003141335.1, s__Methanoregula sp003141335, 95.0, 78.24, 0.24; GCA_003170075.1, s__Methanoregula sp003170075, 95.0, 78.23, 0.26; GCF_000017625.1, s__Methanoregula boonei, 95.0, 77.85, 0.23; GCA_002495055.1, s__Methanoregula sp002495055, 95.0, 77.78, 0.2; GCA_002502735.1, s__Methanoregula sp002502735, 95.0, 77.78, 0.25; GCA_003136075.1, s__Methanoregula sp003136075, 95.0, 77.63, 0.2; GCA_002495065.1, s__Methanoregula sp002495065, 95.0, 77.47, 0.17	75.25	11	N/A	N/A
GCA_002498285.1	d__Archaea;p__Thermoplasmatota;c__Thermoplasmata;o__Methanomassiliicoccales;f__Methanomassiliicoccaceae;g__DTU008;s__DTU008 sp002498285	GCA_002498285.1	95.0	d__Archaea;p__Thermoplasmatota;c__Thermoplasmata;o__Methanomassiliicoccales;f__Methanomassiliicoccaceae;g__DTU008;s__DTU008 sp002498285	100.0	0.97	GCA_002498285.1	d__Archaea;p__Thermoplasmatota;c__Thermoplasmata;o__Methanomassiliicoccales;f__Methanomassiliicoccaceae;g__DTU008;s__DTU008 sp002498285	100.0	0.97	d__Archaea;p__Thermoplasmatota;c__Thermoplasmata;o__Methanomassiliicoccales;f__Methanomassiliicoccaceae;g__DTU008;s__	ANI/Placement	topological placement and ANI have congruent species assignments	GCA_001421185.1, s__DTU008 sp001421185, 95.0, 87.78, 0.82; GCA_002504525.1, s__DTU008 sp002504525, 95.0, 82.99, 0.8; GCA_001512965.1, s__DTU008 sp001512965, 95.0, 81.06, 0.66	79.41	11	N/A	N/A
GCA_002502975.1	d__Archaea;p__Halobacterota;c__Methanomicrobia;o__Methanomicrobiales;f__Methanoregulaceae;g__Methanolinea;s__Methanolinea sp002506105	GCA_002506105.1	95.0	d__Archaea;p__Halobacterota;c__Methanomicrobia;o__Methanomicrobiales;f__Methanoregulaceae;g__Methanolinea;s__Methanolinea sp002506105	99.94	0.91	GCA_002506105.1	d__Archaea;p__Halobacterota;c__Methanomicrobia;o__Methanomicrobiales;f__Methanoregulaceae;g__Methanolinea;s__Methanolinea sp002506105	99.94	0.91	d__Archaea;p__Halobacterota;c__Methanomicrobia;o__Methanomicrobiales;f__Methanoregulaceae;g__Methanolinea;s__	ANI/Placement	topological placement and ANI have congruent species assignments	UBA11423, s__Methanolinea sp11423u, 95.0, 78.01, 0.34; GCA_002509495.1, s__Methanolinea sp002509495, 95.0, 77.79, 0.18; GCF_000235685.2, s__Methanolinea tarda, 95.0, 77.78, 0.19; GCA_002501965.1, s__Methanolinea sp002501965, 95.0, 76.78, 0.26	92.29	11	N/A	N/A
GCA_002495055.1	d__Archaea;p__Halobacterota;c__Methanomicrobia;o__Methanomicrobiales;f__Methanoregulaceae;g__Methanoregula;s__Methanoregula sp002495055	GCA_002495055.1	95.0	d__Archaea;p__Halobacterota;c__Methanomicrobia;o__Methanomicrobiales;f__Methanoregulaceae;g__Methanoregula;s__Methanoregula sp002495055	100.0	1.0	GCA_002495055.1	d__Archaea;p__Halobacterota;c__Methanomicrobia;o__Methanomicrobiales;f__Methanoregulaceae;g__Methanoregula;s__Methanoregula sp002495055	100.0	1.0	d__Archaea;p__Halobacterota;c__Methanomicrobia;o__Methanomicrobiales;f__Methanoregulaceae;g__Methanoregula;s__	ANI/Placement	topological placement and ANI have congruent species assignments	GCA_003141335.1, s__Methanoregula sp003141335, 95.0, 82.02, 0.57; GCA_002497485.1, s__Methanoregula sp002497485, 95.0, 79.62, 0.22; GCA_002495065.1, s__Methanoregula sp002495065, 95.0, 79.24, 0.35; GCA_002502245.1, s__Methanoregula sp002502245, 95.0, 78.93, 0.25; GCA_003154335.1, s__Methanoregula sp003154335, 95.0, 78.83, 0.38; GCA_002839675.1, s__Methanoregula sp002839675, 95.0, 78.05, 0.22; GCA_002839605.1, s__Methanoregula sp002839605, 95.0, 77.87, 0.18; GCA_003157895.1, s__Methanoregula sp003157895, 95.0, 77.78, 0.21; GCF_000327485.1, s__Methanoregula formicica, 95.0, 77.74, 0.15; UBA11803, s__Methanoregula sp11803u, 95.0, 77.49, 0.17; GCA_002502735.1, s__Methanoregula sp002502735, 95.0, 77.37, 0.1; GCA_002508495.1, s__Methanoregula sp002508495, 95.0, 77.34, 0.14; GCA_003170075.1, s__Methanoregula sp003170075, 95.0, 77.32, 0.17; GCA_002835825.1, s__Methanoregula sp002835825, 95.0, 77.15, 0.17; GCA_003136075.1, s__Methanoregula sp003136075, 95.0, 76.91, 0.18; GCF_000017625.1, s__Methanoregula boonei, 95.0, 76.62, 0.1	88.31	11	N/A	N/A
GCA_002506785.1	d__Archaea;p__Halobacterota;c__Methanomicrobia;o__Methanomicrobiales;f__Methanoregulaceae;g__Methanoregula;s__Methanoregula sp002502245	GCA_002502245.1	95.0	d__Archaea;p__Halobacterota;c__Methanomicrobia;o__Methanomicrobiales;f__Methanoregulaceae;g__Methanoregula;s__Methanoregula sp002502245	99.83	0.89	GCA_002502245.1	d__Archaea;p__Halobacterota;c__Methanomicrobia;o__Methanomicrobiales;f__Methanoregulaceae;g__Methanoregula;s__Methanoregula sp002502245	99.83	0.89	d__Archaea;p__Halobacterota;c__Methanomicrobia;o__Methanomicrobiales;f__Methanoregulaceae;g__Methanoregula;s__	ANI/Placement	topological placement and ANI have congruent species assignments	GCA_003157895.1, s__Methanoregula sp003157895, 95.0, 82.21, 0.63; GCA_002497485.1, s__Methanoregula sp002497485, 95.0, 81.72, 0.6; GCA_002839605.1, s__Methanoregula sp002839605, 95.0, 79.45, 0.4; UBA11803, s__Methanoregula sp11803u, 95.0, 79.45, 0.35; GCA_002835825.1, s__Methanoregula sp002835825, 95.0, 79.24, 0.33; GCF_000327485.1, s__Methanoregula formicica, 95.0, 79.09, 0.34; GCA_002508495.1, s__Methanoregula sp002508495, 95.0, 78.9, 0.33; GCA_002839675.1, s__Methanoregula sp002839675, 95.0, 78.84, 0.29; GCA_002495055.1, s__Methanoregula sp002495055, 95.0, 78.58, 0.25; GCA_003141335.1, s__Methanoregula sp003141335, 95.0, 78.39, 0.28; GCA_003170075.1, s__Methanoregula sp003170075, 95.0, 78.29, 0.27; GCA_002502735.1, s__Methanoregula sp002502735, 95.0, 78.13, 0.25; GCF_000017625.1, s__Methanoregula boonei, 95.0, 77.77, 0.21; GCA_002495065.1, s__Methanoregula sp002495065, 95.0, 77.74, 0.22; GCA_003154335.1, s__Methanoregula sp003154335, 95.0, 77.47, 0.19; GCA_003136075.1, s__Methanoregula sp003136075, 95.0, 77.21, 0.22	94.81	11	N/A	N/A
GCA_002503825.1	d__Archaea;p__Halobacterota;c__Methanomicrobia;o__Methanomicrobiales;f__Methanoregulaceae;g__UBA467;s__UBA467 sp002503825	GCA_002503825.1	95.0	d__Archaea;p__Halobacterota;c__Methanomicrobia;o__Methanomicrobiales;f__Methanoregulaceae;g__UBA467;s__UBA467 sp002503825	100.0	1.0	GCA_002503825.1	d__Archaea;p__Halobacterota;c__Methanomicrobia;o__Methanomicrobiales;f__Methanoregulaceae;g__UBA467;s__UBA467 sp002503825	100.0	1.0	d__Archaea;p__Halobacterota;c__Methanomicrobia;o__Methanomicrobiales;f__Methanoregulaceae;g__;s__	ANI/Placement	topological placement and ANI have congruent species assignments	N/A	98.36	11	N/A	N/A
GCA_002497445.1	d__Archaea;p__Halobacterota;c__Methanomicrobia;o__Methanomicrobiales;f__Methanoregulaceae;g__Methanoregula;s__Methanoregula sp002495055	GCA_002495055.1	95.0	d__Archaea;p__Halobacterota;c__Methanomicrobia;o__Methanomicrobiales;f__Methanoregulaceae;g__Methanoregula;s__Methanoregula sp002495055	99.79	0.91	GCA_002495055.1	d__Archaea;p__Halobacterota;c__Methanomicrobia;o__Methanomicrobiales;f__Methanoregulaceae;g__Methanoregula;s__Methanoregula sp002495055	99.79	0.91	d__Archaea;p__Halobacterota;c__Methanomicrobia;o__Methanomicrobiales;f__Methanoregulaceae;g__Methanoregula;s__	ANI/Placement	topological placement and ANI have congruent species assignments	GCA_003141335.1, s__Methanoregula sp003141335, 95.0, 81.53, 0.41; GCA_002495065.1, s__Methanoregula sp002495065, 95.0, 78.95, 0.31; GCA_003154335.1, s__Methanoregula sp003154335, 95.0, 78.62, 0.27; GCA_002497485.1, s__Methanoregula sp002497485, 95.0, 78.04, 0.15; GCA_002839675.1, s__Methanoregula sp002839675, 95.0, 77.8, 0.21; GCA_002508495.1, s__Methanoregula sp002508495, 95.0, 77.78, 0.09; GCA_002502245.1, s__Methanoregula sp002502245, 95.0, 77.71, 0.19; GCA_003170075.1, s__Methanoregula sp003170075, 95.0, 77.69, 0.11; GCA_002839605.1, s__Methanoregula sp002839605, 95.0, 77.67, 0.16; GCA_003157895.1, s__Methanoregula sp003157895, 95.0, 77.56, 0.12; GCA_002502735.1, s__Methanoregula sp002502735, 95.0, 77.37, 0.06; GCF_000327485.1, s__Methanoregula formicica, 95.0, 77.35, 0.13; GCA_003136075.1, s__Methanoregula sp003136075, 95.0, 77.07, 0.12; UBA11803, s__Methanoregula sp11803u, 95.0, 76.97, 0.12	45.71	11	N/A	N/A
GCA_002498825.1	d__Archaea;p__Halobacterota;c__Methanomicrobia;o__Methanomicrobiales;f__Methanoregulaceae;g__Methanolinea;s__Methanolinea sp002506105	GCA_002506105.1	95.0	d__Archaea;p__Halobacterota;c__Methanomicrobia;o__Methanomicrobiales;f__Methanoregulaceae;g__Methanolinea;s__Methanolinea sp002506105	99.82	0.91	GCA_002506105.1	d__Archaea;p__Halobacterota;c__Methanomicrobia;o__Methanomicrobiales;f__Methanoregulaceae;g__Methanolinea;s__Methanolinea sp002506105	99.82	0.91	d__Archaea;p__Halobacterota;c__Methanomicrobia;o__Methanomicrobiales;f__Methanoregulaceae;g__Methanolinea;s__	ANI/Placement	topological placement and ANI have congruent species assignments	UBA11423, s__Methanolinea sp11423u, 95.0, 78.09, 0.33; GCF_000235685.2, s__Methanolinea tarda, 95.0, 77.74, 0.2; GCA_002509495.1, s__Methanolinea sp002509495, 95.0, 77.67, 0.19; GCA_002501965.1, s__Methanolinea sp002501965, 95.0, 76.76, 0.27	94.73	11	N/A	N/A
GCA_002494705.1	d__Archaea;p__Thermoplasmatota;c__Thermoplasmata;o__Methanomassiliicoccales;f__Methanomassiliicoccaceae;g__DTU008;s__DTU008 sp001512965	GCA_001512965.1	95.0	d__Archaea;p__Thermoplasmatota;c__Thermoplasmata;o__Methanomassiliicoccales;f__Methanomassiliicoccaceae;g__DTU008;s__DTU008 sp001512965	99.82	0.93	GCA_001512965.1	d__Archaea;p__Thermoplasmatota;c__Thermoplasmata;o__Methanomassiliicoccales;f__Methanomassiliicoccaceae;g__DTU008;s__DTU008 sp001512965	99.82	0.93	d__Archaea;p__Thermoplasmatota;c__Thermoplasmata;o__Methanomassiliicoccales;f__Methanomassiliicoccaceae;g__DTU008;s__	ANI/Placement	topological placement and ANI have congruent species assignments	GCA_001421185.1, s__DTU008 sp001421185, 95.0, 81.62, 0.75; GCA_002498285.1, s__DTU008 sp002498285, 95.0, 81.1, 0.68; GCA_002504525.1, s__DTU008 sp002504525, 95.0, 79.98, 0.69	93.72	11	N/A	N/A
GCA_003170075.1	d__Archaea;p__Halobacterota;c__Methanomicrobia;o__Methanomicrobiales;f__Methanoregulaceae;g__Methanoregula;s__Methanoregula sp003170075	GCA_003170075.1	95.0	d__Archaea;p__Halobacterota;c__Methanomicrobia;o__Methanomicrobiales;f__Methanoregulaceae;g__Methanoregula;s__Methanoregula sp003170075	100.0	0.99	GCA_003170075.1	d__Archaea;p__Halobacterota;c__Methanomicrobia;o__Methanomicrobiales;f__Methanoregulaceae;g__Methanoregula;s__Methanoregula sp003170075	100.0	0.99	d__Archaea;p__Halobacterota;c__Methanomicrobia;o__Methanomicrobiales;f__Methanoregulaceae;g__Methanoregula;s__	ANI/Placement	topological placement and ANI have congruent species assignments	GCA_002502735.1, s__Methanoregula sp002502735, 95.0, 80.91, 0.58; GCF_000017625.1, s__Methanoregula boonei, 95.0, 80.36, 0.56; GCA_002835825.1, s__Methanoregula sp002835825, 95.0, 78.55, 0.23; GCA_003136075.1, s__Methanoregula sp003136075, 95.0, 78.48, 0.31; GCA_002502245.1, s__Methanoregula sp002502245, 95.0, 78.33, 0.27; GCA_003157895.1, s__Methanoregula sp003157895, 95.0, 78.31, 0.28; GCA_002839605.1, s__Methanoregula sp002839605, 95.0, 78.25, 0.31; GCF_000327485.1, s__Methanoregula formicica, 95.0, 78.07, 0.3; UBA11803, s__Methanoregula sp11803u, 95.0, 78.06, 0.2; GCA_002508495.1, s__Methanoregula sp002508495, 95.0, 78.02, 0.21; GCA_002839675.1, s__Methanoregula sp002839675, 95.0, 77.96, 0.29; GCA_003141335.1, s__Methanoregula sp003141335, 95.0, 77.93, 0.21; GCA_002495055.1, s__Methanoregula sp002495055, 95.0, 77.32, 0.17; GCA_003154335.1, s__Methanoregula sp003154335, 95.0, 77.31, 0.12; GCA_002497485.1, s__Methanoregula sp002497485, 95.0, 77.12, 0.17; GCA_002495065.1, s__Methanoregula sp002495065, 95.0, 76.72, 0.14	97.01	11	N/A	N/A
GCA_002499825.1	d__Archaea;p__Halobacterota;c__Methanomicrobia;o__Methanomicrobiales;f__Methanoregulaceae;g__Methanolinea;s__Methanolinea sp002506105	GCA_002506105.1	95.0	d__Archaea;p__Halobacterota;c__Methanomicrobia;o__Methanomicrobiales;f__Methanoregulaceae;g__Methanolinea;s__Methanolinea sp002506105	99.96	0.93	GCA_002506105.1	d__Archaea;p__Halobacterota;c__Methanomicrobia;o__Methanomicrobiales;f__Methanoregulaceae;g__Methanolinea;s__Methanolinea sp002506105	99.96	0.93	d__Archaea;p__Halobacterota;c__Methanomicrobia;o__Methanomicrobiales;f__Methanoregulaceae;g__Methanolinea;s__	ANI/Placement	topological placement and ANI have congruent species assignments	UBA11423, s__Methanolinea sp11423u, 95.0, 78.25, 0.34; GCA_002509495.1, s__Methanolinea sp002509495, 95.0, 77.83, 0.19; GCF_000235685.2, s__Methanolinea tarda, 95.0, 77.8, 0.2; GCA_002501965.1, s__Methanolinea sp002501965, 95.0, 76.82, 0.26	95.04	11	N/A	N/A
GCA_002508425.1	d__Archaea;p__Halobacterota;c__Methanosarcinia;o__Methanosarcinales;f__Methanosarcinaceae;g__Methanomethylovorans;s__Methanomethylovorans sp002508425	GCA_002508425.1	95.0	d__Archaea;p__Halobacterota;c__Methanosarcinia;o__Methanosarcinales;f__Methanosarcinaceae;g__Methanomethylovorans;s__Methanomethylovorans sp002508425	100.0	0.99	GCA_002508425.1	d__Archaea;p__Halobacterota;c__Methanosarcinia;o__Methanosarcinales;f__Methanosarcinaceae;g__Methanomethylovorans;s__Methanomethylovorans sp002508425	100.0	0.99	d__Archaea;p__Halobacterota;c__Methanosarcinia;o__Methanosarcinales;f__Methanosarcinaceae;g__Methanomethylovorans;s__	ANI/Placement	topological placement and ANI have congruent species assignments	GCF_000328665.1, s__Methanomethylovorans hollandica, 95.0, 81.43, 0.64; GCA_001896725.1, s__Methanomethylovorans sp001896725, 95.0, 79.84, 0.56	95.61	11	N/A	N/A
GCA_003104905.1	d__Archaea;p__Halobacterota;c__Methanosarcinia;o__Methanosarcinales;f__Methanoperedenaceae;g__Methanoperedens;s__Methanoperedens sp003104905	GCA_003104905.1	95.0	d__Archaea;p__Halobacterota;c__Methanosarcinia;o__Methanosarcinales;f__Methanoperedenaceae;g__Methanoperedens;s__Methanoperedens sp003104905	100.0	1.0	GCA_003104905.1	d__Archaea;p__Halobacterota;c__Methanosarcinia;o__Methanosarcinales;f__Methanoperedenaceae;g__Methanoperedens;s__Methanoperedens sp003104905	100.0	1.0	d__Archaea;p__Halobacterota;c__Methanosarcinia;o__Methanosarcinales;f__Methanoperedenaceae;g__Methanoperedens;s__	ANI/Placement	topological placement and ANI have congruent species assignments	GCF_002487355.1, s__Methanoperedens sp002487355, 95.0, 80.87, 0.56; GCF_900196725.1, s__Methanoperedens nitroreducens_A, 95.0, 77.81, 0.15; GCF_000685155.1, s__Methanoperedens nitroreducens, 95.0, 76.71, 0.12	98.22	11	N/A	N/A
GCA_002506085.1	d__Archaea;p__Halobacterota;c__Methanomicrobia;o__Methanomicrobiales;f__Methanocorpusculaceae;g__Methanocorpusculum;s__Methanocorpusculum sp002506085	GCA_002506085.1	95.0	d__Archaea;p__Halobacterota;c__Methanomicrobia;o__Methanomicrobiales;f__Methanocorpusculaceae;g__Methanocorpusculum;s__Methanocorpusculum sp002506085	100.0	0.99	GCA_002506085.1	d__Archaea;p__Halobacterota;c__Methanomicrobia;o__Methanomicrobiales;f__Methanocorpusculaceae;g__Methanocorpusculum;s__Methanocorpusculum sp002506085	100.0	0.99	d__Archaea;p__Halobacterota;c__Methanomicrobia;o__Methanomicrobiales;f__Methanocorpusculaceae;g__Methanocorpusculum;s__	ANI/Placement	topological placement and ANI have congruent species assignments	GCF_002287215.1, s__Methanocorpusculum parvum, 95.0, 80.81, 0.52; GCA_002498375.1, s__Methanocorpusculum sp002498375, 95.0, 80.47, 0.59; GCF_000015765.1, s__Methanocorpusculum labreanum, 95.0, 80.1, 0.5; GCA_001940805.1, s__Methanocorpusculum sp001940805, 95.0, 77.44, 0.16	96.68	11	N/A	N/A
GCA_900114835.1	d__Archaea;p__Halobacterota;c__Methanosarcinia;o__Methanosarcinales;f__Methanosarcinaceae;g__Methanolobus;s__Methanolobus profundi	GCF_900114835.1	95.0	d__Archaea;p__Halobacterota;c__Methanosarcinia;o__Methanosarcinales;f__Methanosarcinaceae;g__Methanolobus;s__Methanolobus profundi	100.0	1.0	GCF_900114835.1	d__Archaea;p__Halobacterota;c__Methanosarcinia;o__Methanosarcinales;f__Methanosarcinaceae;g__Methanolobus;s__Methanolobus profundi	100.0	1.0	d__Archaea;p__Halobacterota;c__Methanosarcinia;o__Methanosarcinales;f__Methanosarcinaceae;g__Methanolobus;s__	ANI/Placement	topological placement and ANI have congruent species assignments	GCF_900100715.1, s__Methanolobus vulcani, 95.0, 80.98, 0.54; GCA_002507205.1, s__Methanolobus sp002507205, 95.0, 80.96, 0.63; GCF_000504205.1, s__Methanolobus tindarius, 95.0, 80.95, 0.5; GCF_002243045.1, s__Methanolobus psychrotolerans, 95.0, 79.74, 0.46; GCA_001577565.1, s__Methanolobus sp001577565, 95.0, 78.73, 0.27; GCA_002508635.1, s__Methanolobus sp002508635, 95.0, 78.7, 0.26; GCF_000306725.1, s__Methanolobus psychrophilus, 95.0, 77.35, 0.18; GCA_002501695.1, s__Methanolobus sp002501695, 95.0, 76.83, 0.18	98.99	11	N/A	N/A
GCA_002495775.1	d__Archaea;p__Halobacterota;c__Methanomicrobia;o__Methanomicrobiales;f__Methanoregulaceae;g__Methanoregula;s__Methanoregula sp002502245	GCA_002502245.1	95.0	d__Archaea;p__Halobacterota;c__Methanomicrobia;o__Methanomicrobiales;f__Methanoregulaceae;g__Methanoregula;s__Methanoregula sp002502245	99.66	0.86	GCA_002502245.1	d__Archaea;p__Halobacterota;c__Methanomicrobia;o__Methanomicrobiales;f__Methanoregulaceae;g__Methanoregula;s__Methanoregula sp002502245	99.66	0.86	d__Archaea;p__Halobacterota;c__Methanomicrobia;o__Methanomicrobiales;f__Methanoregulaceae;g__Methanoregula;s__	ANI/Placement	topological placement and ANI have congruent species assignments	GCA_003157895.1, s__Methanoregula sp003157895, 95.0, 81.88, 0.51; GCA_002497485.1, s__Methanoregula sp002497485, 95.0, 81.83, 0.51; GCA_002839605.1, s__Methanoregula sp002839605, 95.0, 79.39, 0.37; GCA_002835825.1, s__Methanoregula sp002835825, 95.0, 79.1, 0.27; GCA_002508495.1, s__Methanoregula sp002508495, 95.0, 79.03, 0.27; GCF_000327485.1, s__Methanoregula formicica, 95.0, 79.02, 0.32; UBA11803, s__Methanoregula sp11803u, 95.0, 78.92, 0.28; GCA_002839675.1, s__Methanoregula sp002839675, 95.0, 78.49, 0.3; GCA_003141335.1, s__Methanoregula sp003141335, 95.0, 78.16, 0.24; GCA_003170075.1, s__Methanoregula sp003170075, 95.0, 78.02, 0.21; GCA_002495055.1, s__Methanoregula sp002495055, 95.0, 77.84, 0.28; GCA_002502735.1, s__Methanoregula sp002502735, 95.0, 77.83, 0.25; GCF_000017625.1, s__Methanoregula boonei, 95.0, 77.63, 0.19; GCA_002495065.1, s__Methanoregula sp002495065, 95.0, 77.57, 0.2; GCA_003154335.1, s__Methanoregula sp003154335, 95.0, 77.29, 0.16; GCA_003136075.1, s__Methanoregula sp003136075, 95.0, 76.75, 0.17	78.16	11	N/A	N/A
GCA_002508585.1	d__Archaea;p__Thermoplasmatota;c__Thermoplasmata;o__Methanomassiliicoccales;f__Methanomassiliicoccaceae;g__DTU008;s__DTU008 sp002504525	GCA_002504525.1	95.0	d__Archaea;p__Thermoplasmatota;c__Thermoplasmata;o__Methanomassiliicoccales;f__Methanomassiliicoccaceae;g__DTU008;s__DTU008 sp002504525	99.24	0.94	GCA_002504525.1	d__Archaea;p__Thermoplasmatota;c__Thermoplasmata;o__Methanomassiliicoccales;f__Methanomassiliicoccaceae;g__DTU008;s__DTU008 sp002504525	99.24	0.94	d__Archaea;p__Thermoplasmatota;c__Thermoplasmata;o__Methanomassiliicoccales;f__Methanomassiliicoccaceae;g__DTU008;s__	ANI/Placement	topological placement and ANI have congruent species assignments	GCA_001421185.1, s__DTU008 sp001421185, 95.0, 83.13, 0.76; GCA_002498285.1, s__DTU008 sp002498285, 95.0, 83.02, 0.7; GCA_001512965.1, s__DTU008 sp001512965, 95.0, 79.93, 0.6	85.79	11	N/A	N/A
GCA_003135935.1	d__Archaea;p__Thermoplasmatota;c__Thermoplasmata;o__Methanomassiliicoccales;f__FEN-33;g__FEN-33;s__FEN-33 sp003135935	GCA_003135935.1	95.0	d__Archaea;p__Thermoplasmatota;c__Thermoplasmata;o__Methanomassiliicoccales;f__FEN-33;g__FEN-33;s__FEN-33 sp003135935	100.0	0.99	GCA_003135935.1	d__Archaea;p__Thermoplasmatota;c__Thermoplasmata;o__Methanomassiliicoccales;f__FEN-33;g__FEN-33;s__FEN-33 sp003135935	100.0	0.99	d__Archaea;p__Thermoplasmatota;c__Thermoplasmata;o__Methanomassiliicoccales;f__;g__;s__	ANI/Placement	topological placement and ANI have congruent species assignments	N/A	90.28	11	N/A	N/A
GCA_002498295.1	d__Archaea;p__Halobacterota;c__Methanomicrobia;o__Methanomicrobiales;f__Methanoregulaceae;g__Methanoregula;s__Methanoregula sp002502245	GCA_002502245.1	95.0	d__Archaea;p__Halobacterota;c__Methanomicrobia;o__Methanomicrobiales;f__Methanoregulaceae;g__Methanoregula;s__Methanoregula sp002502245	99.79	0.87	GCA_002502245.1	d__Archaea;p__Halobacterota;c__Methanomicrobia;o__Methanomicrobiales;f__Methanoregulaceae;g__Methanoregula;s__Methanoregula sp002502245	99.79	0.87	d__Archaea;p__Halobacterota;c__Methanomicrobia;o__Methanomicrobiales;f__Methanoregulaceae;g__Methanoregula;s__	ANI/Placement	topological placement and ANI have congruent species assignments	GCA_003157895.1, s__Methanoregula sp003157895, 95.0, 82.46, 0.61; GCA_002497485.1, s__Methanoregula sp002497485, 95.0, 82.07, 0.6; GCA_002835825.1, s__Methanoregula sp002835825, 95.0, 79.68, 0.32; GCA_002495055.1, s__Methanoregula sp002495055, 95.0, 79.66, 0.24; GCA_002839605.1, s__Methanoregula sp002839605, 95.0, 79.62, 0.4; UBA11803, s__Methanoregula sp11803u, 95.0, 79.46, 0.34; GCF_000327485.1, s__Methanoregula formicica, 95.0, 79.43, 0.35; GCA_002839675.1, s__Methanoregula sp002839675, 95.0, 78.91, 0.31; GCA_002508495.1, s__Methanoregula sp002508495, 95.0, 78.91, 0.33; GCA_003141335.1, s__Methanoregula sp003141335, 95.0, 78.69, 0.27; GCA_003170075.1, s__Methanoregula sp003170075, 95.0, 78.32, 0.26; GCA_002502735.1, s__Methanoregula sp002502735, 95.0, 78.28, 0.24; GCF_000017625.1, s__Methanoregula boonei, 95.0, 77.92, 0.22; GCA_003136075.1, s__Methanoregula sp003136075, 95.0, 77.58, 0.21; GCA_002495065.1, s__Methanoregula sp002495065, 95.0, 77.58, 0.22; GCA_003154335.1, s__Methanoregula sp003154335, 95.0, 77.5, 0.18	93.11	11	N/A	N/A
GCA_003136075.1	d__Archaea;p__Halobacterota;c__Methanomicrobia;o__Methanomicrobiales;f__Methanoregulaceae;g__Methanoregula;s__Methanoregula sp003136075	GCA_003136075.1	95.0	d__Archaea;p__Halobacterota;c__Methanomicrobia;o__Methanomicrobiales;f__Methanoregulaceae;g__Methanoregula;s__Methanoregula sp003136075	100.0	0.99	GCA_003136075.1	d__Archaea;p__Halobacterota;c__Methanomicrobia;o__Methanomicrobiales;f__Methanoregulaceae;g__Methanoregula;s__Methanoregula sp003136075	100.0	0.99	d__Archaea;p__Halobacterota;c__Methanomicrobia;o__Methanomicrobiales;f__Methanoregulaceae;g__Methanoregula;s__	ANI/Placement	topological placement and ANI have congruent species assignments	GCA_003170075.1, s__Methanoregula sp003170075, 95.0, 78.48, 0.31; GCA_002839675.1, s__Methanoregula sp002839675, 95.0, 78.02, 0.27; GCA_003141335.1, s__Methanoregula sp003141335, 95.0, 77.96, 0.22; GCA_002835825.1, s__Methanoregula sp002835825, 95.0, 77.73, 0.17; GCA_002839605.1, s__Methanoregula sp002839605, 95.0, 77.64, 0.24; GCF_000017625.1, s__Methanoregula boonei, 95.0, 77.57, 0.24; GCA_003157895.1, s__Methanoregula sp003157895, 95.0, 77.47, 0.2; GCA_002502735.1, s__Methanoregula sp002502735, 95.0, 77.43, 0.25; GCF_000327485.1, s__Methanoregula formicica, 95.0, 77.41, 0.21; GCA_002502245.1, s__Methanoregula sp002502245, 95.0, 77.4, 0.21; GCA_002508495.1, s__Methanoregula sp002508495, 95.0, 77.22, 0.13; GCA_003154335.1, s__Methanoregula sp003154335, 95.0, 77.14, 0.15; UBA11803, s__Methanoregula sp11803u, 95.0, 77.09, 0.15; GCA_002495065.1, s__Methanoregula sp002495065, 95.0, 76.94, 0.15; GCA_002495055.1, s__Methanoregula sp002495055, 95.0, 76.91, 0.18; GCA_002497485.1, s__Methanoregula sp002497485, 95.0, 76.44, 0.15	81.07	11	N/A	N/A
GCA_002839605.1	d__Archaea;p__Halobacterota;c__Methanomicrobia;o__Methanomicrobiales;f__Methanoregulaceae;g__Methanoregula;s__Methanoregula sp002839605	GCA_002839605.1	95.0	d__Archaea;p__Halobacterota;c__Methanomicrobia;o__Methanomicrobiales;f__Methanoregulaceae;g__Methanoregula;s__Methanoregula sp002839605	100.0	1.0	GCA_002839605.1	d__Archaea;p__Halobacterota;c__Methanomicrobia;o__Methanomicrobiales;f__Methanoregulaceae;g__Methanoregula;s__Methanoregula sp002839605	100.0	1.0	d__Archaea;p__Halobacterota;c__Methanomicrobia;o__Methanomicrobiales;f__Methanoregulaceae;g__Methanoregula;s__	ANI/Placement	topological placement and ANI have congruent species assignments	UBA11803, s__Methanoregula sp11803u, 95.0, 87.24, 0.75; GCA_002508495.1, s__Methanoregula sp002508495, 95.0, 81.74, 0.63; GCA_002502245.1, s__Methanoregula sp002502245, 95.0, 79.83, 0.37; GCF_000327485.1, s__Methanoregula formicica, 95.0, 79.63, 0.39; GCA_003157895.1, s__Methanoregula sp003157895, 95.0, 79.44, 0.38; GCA_002835825.1, s__Methanoregula sp002835825, 95.0, 79.44, 0.5; GCA_002839675.1, s__Methanoregula sp002839675, 95.0, 78.8, 0.34; GCA_002502735.1, s__Methanoregula sp002502735, 95.0, 78.41, 0.28; GCA_002497485.1, s__Methanoregula sp002497485, 95.0, 78.36, 0.34; GCA_003170075.1, s__Methanoregula sp003170075, 95.0, 78.25, 0.31; GCF_000017625.1, s__Methanoregula boonei, 95.0, 78.19, 0.21; GCA_003141335.1, s__Methanoregula sp003141335, 95.0, 78.05, 0.28; GCA_002495055.1, s__Methanoregula sp002495055, 95.0, 77.87, 0.18; GCA_003154335.1, s__Methanoregula sp003154335, 95.0, 77.82, 0.15; GCA_003136075.1, s__Methanoregula sp003136075, 95.0, 77.64, 0.24; GCA_002495065.1, s__Methanoregula sp002495065, 95.0, 77.04, 0.13	98.2	11	N/A	N/A
GCA_002508545.1	d__Archaea;p__Thermoplasmatota;c__Thermoplasmata;o__Methanomassiliicoccales;f__Methanomassiliicoccaceae;g__Methanomassiliicoccus;s__Methanomassiliicoccus sp002508545	GCA_002508545.1	95.0	d__Archaea;p__Thermoplasmatota;c__Thermoplasmata;o__Methanomassiliicoccales;f__Methanomassiliicoccaceae;g__Methanomassiliicoccus;s__Methanomassiliicoccus sp002508545	100.0	1.0	GCA_002508545.1	d__Archaea;p__Thermoplasmatota;c__Thermoplasmata;o__Methanomassiliicoccales;f__Methanomassiliicoccaceae;g__Methanomassiliicoccus;s__Methanomassiliicoccus sp002508545	100.0	1.0	d__Archaea;p__Thermoplasmatota;c__Thermoplasmata;o__Methanomassiliicoccales;f__Methanomassiliicoccaceae;g__Methanomassiliicoccus;s__	ANI/Placement	topological placement and ANI have congruent species assignments	GCF_000308215.1, s__Methanomassiliicoccus luminyensis, 95.0, 79.23, 0.46	95.34	11	N/A	N/A
GCA_002839675.1	d__Archaea;p__Halobacterota;c__Methanomicrobia;o__Methanomicrobiales;f__Methanoregulaceae;g__Methanoregula;s__Methanoregula sp002839675	GCA_002839675.1	95.0	d__Archaea;p__Halobacterota;c__Methanomicrobia;o__Methanomicrobiales;f__Methanoregulaceae;g__Methanoregula;s__Methanoregula sp002839675	100.0	1.0	GCA_002839675.1	d__Archaea;p__Halobacterota;c__Methanomicrobia;o__Methanomicrobiales;f__Methanoregulaceae;g__Methanoregula;s__Methanoregula sp002839675	100.0	1.0	d__Archaea;p__Halobacterota;c__Methanomicrobia;o__Methanomicrobiales;f__Methanoregulaceae;g__Methanoregula;s__	ANI/Placement	topological placement and ANI have congruent species assignments	GCA_002502245.1, s__Methanoregula sp002502245, 95.0, 79.18, 0.29; GCA_003141335.1, s__Methanoregula sp003141335, 95.0, 78.94, 0.36; GCA_002839605.1, s__Methanoregula sp002839605, 95.0, 78.8, 0.34; GCA_003157895.1, s__Methanoregula sp003157895, 95.0, 78.57, 0.33; GCA_002835825.1, s__Methanoregula sp002835825, 95.0, 78.45, 0.33; GCF_000327485.1, s__Methanoregula formicica, 95.0, 78.39, 0.3; UBA11803, s__Methanoregula sp11803u, 95.0, 78.36, 0.3; GCA_002508495.1, s__Methanoregula sp002508495, 95.0, 78.31, 0.29; GCA_002495055.1, s__Methanoregula sp002495055, 95.0, 78.05, 0.22; GCA_002502735.1, s__Methanoregula sp002502735, 95.0, 78.04, 0.24; GCA_003136075.1, s__Methanoregula sp003136075, 95.0, 78.02, 0.27; GCA_003170075.1, s__Methanoregula sp003170075, 95.0, 77.96, 0.29; GCA_003154335.1, s__Methanoregula sp003154335, 95.0, 77.67, 0.19; GCA_002497485.1, s__Methanoregula sp002497485, 95.0, 77.59, 0.24; GCF_000017625.1, s__Methanoregula boonei, 95.0, 77.58, 0.22; GCA_002495065.1, s__Methanoregula sp002495065, 95.0, 77.37, 0.19	97.91	11	N/A	N/A
GCA_002497995.1	d__Archaea;p__Thermoplasmatota;c__Thermoplasmata;o__Methanomassiliicoccales;f__Methanomassiliicoccaceae;g__DTU008;s__DTU008 sp002504525	GCA_002504525.1	95.0	d__Archaea;p__Thermoplasmatota;c__Thermoplasmata;o__Methanomassiliicoccales;f__Methanomassiliicoccaceae;g__DTU008;s__DTU008 sp002504525	98.96	0.93	GCA_002504525.1	d__Archaea;p__Thermoplasmatota;c__Thermoplasmata;o__Methanomassiliicoccales;f__Methanomassiliicoccaceae;g__DTU008;s__DTU008 sp002504525	98.96	0.93	d__Archaea;p__Thermoplasmatota;c__Thermoplasmata;o__Methanomassiliicoccales;f__Methanomassiliicoccaceae;g__DTU008;s__	ANI/Placement	topological placement and ANI have congruent species assignments	GCA_001421185.1, s__DTU008 sp001421185, 95.0, 83.28, 0.73; GCA_002498285.1, s__DTU008 sp002498285, 95.0, 82.98, 0.76; GCA_001512965.1, s__DTU008 sp001512965, 95.0, 79.99, 0.63	94.42	11	N/A	N/A
GCA_000021965.1	d__Archaea;p__Halobacterota;c__Methanomicrobia;o__Methanomicrobiales;f__Methanosphaerulaceae;g__Methanosphaerula;s__Methanosphaerula palustris	GCF_000021965.1	95.0	d__Archaea;p__Halobacterota;c__Methanomicrobia;o__Methanomicrobiales;f__Methanosphaerulaceae;g__Methanosphaerula;s__Methanosphaerula palustris	100.0	1.0	GCF_000021965.1	d__Archaea;p__Halobacterota;c__Methanomicrobia;o__Methanomicrobiales;f__Methanosphaerulaceae;g__Methanosphaerula;s__Methanosphaerula palustris	100.0	1.0	d__Archaea;p__Halobacterota;c__Methanomicrobia;o__Methanomicrobiales;f__Methanosphaerulaceae;g__;s__	ANI/Placement	topological placement and ANI have congruent species assignments	N/A	97.46	11	N/A	N/A
GCA_001512965.1	d__Archaea;p__Thermoplasmatota;c__Thermoplasmata;o__Methanomassiliicoccales;f__Methanomassiliicoccaceae;g__DTU008;s__DTU008 sp001512965	GCA_001512965.1	95.0	d__Archaea;p__Thermoplasmatota;c__Thermoplasmata;o__Methanomassiliicoccales;f__Methanomassiliicoccaceae;g__DTU008;s__DTU008 sp001512965	100.0	0.99	GCA_001512965.1	d__Archaea;p__Thermoplasmatota;c__Thermoplasmata;o__Methanomassiliicoccales;f__Methanomassiliicoccaceae;g__DTU008;s__DTU008 sp001512965	100.0	0.99	d__Archaea;p__Thermoplasmatota;c__Thermoplasmata;o__Methanomassiliicoccales;f__Methanomassiliicoccaceae;g__DTU008;s__	ANI/Placement	topological placement and ANI have congruent species assignments	GCA_001421185.1, s__DTU008 sp001421185, 95.0, 81.73, 0.75; GCA_002498285.1, s__DTU008 sp002498285, 95.0, 81.06, 0.66; GCA_002504525.1, s__DTU008 sp002504525, 95.0, 80.07, 0.67	93.42	11	N/A	N/A
GCA_002067115.1	d__Archaea;p__Halobacterota;c__Methanomicrobia;o__Methanomicrobiales;f__Methanoregulaceae;g__Methanolinea;s__Methanolinea sp11423u	UBA11423	95.0	d__Archaea;p__Halobacterota;c__Methanomicrobia;o__Methanomicrobiales;f__Methanoregulaceae;g__Methanolinea;s__Methanolinea sp11423u	98.71	0.82	UBA11423	d__Archaea;p__Halobacterota;c__Methanomicrobia;o__Methanomicrobiales;f__Methanoregulaceae;g__Methanolinea;s__Methanolinea sp11423u	98.71	0.82	d__Archaea;p__Halobacterota;c__Methanomicrobia;o__Methanomicrobiales;f__Methanoregulaceae;g__Methanolinea;s__	ANI/Placement	topological placement and ANI have congruent species assignments	GCA_002501965.1, s__Methanolinea sp002501965, 95.0, 83.81, 0.77; GCA_002506105.1, s__Methanolinea sp002506105, 95.0, 78.91, 0.37; GCF_000235685.2, s__Methanolinea tarda, 95.0, 77.92, 0.27; GCA_002509495.1, s__Methanolinea sp002509495, 95.0, 77.15, 0.22	96.39	11	N/A	N/A
GCA_002509505.1	d__Archaea;p__Halobacterota;c__Methanomicrobia;o__Methanomicrobiales;f__Methanoregulaceae;g__Methanolinea;s__Methanolinea sp002506105	GCA_002506105.1	95.0	d__Archaea;p__Halobacterota;c__Methanomicrobia;o__Methanomicrobiales;f__Methanoregulaceae;g__Methanolinea;s__Methanolinea sp002506105	99.95	0.88	GCA_002506105.1	d__Archaea;p__Halobacterota;c__Methanomicrobia;o__Methanomicrobiales;f__Methanoregulaceae;g__Methanolinea;s__Methanolinea sp002506105	99.95	0.88	d__Archaea;p__Halobacterota;c__Methanomicrobia;o__Methanomicrobiales;f__Methanoregulaceae;g__Methanolinea;s__	ANI/Placement	topological placement and ANI have congruent species assignments	UBA11423, s__Methanolinea sp11423u, 95.0, 78.54, 0.33; GCA_002509495.1, s__Methanolinea sp002509495, 95.0, 77.55, 0.17; GCF_000235685.2, s__Methanolinea tarda, 95.0, 77.32, 0.17; GCA_002501965.1, s__Methanolinea sp002501965, 95.0, 76.65, 0.26	91.49	11	N/A	N/A
GCA_002495065.1	d__Archaea;p__Halobacterota;c__Methanomicrobia;o__Methanomicrobiales;f__Methanoregulaceae;g__Methanoregula;s__Methanoregula sp002495065	GCA_002495065.1	95.0	d__Archaea;p__Halobacterota;c__Methanomicrobia;o__Methanomicrobiales;f__Methanoregulaceae;g__Methanoregula;s__Methanoregula sp002495065	100.0	0.99	GCA_002495065.1	d__Archaea;p__Halobacterota;c__Methanomicrobia;o__Methanomicrobiales;f__Methanoregulaceae;g__Methanoregula;s__Methanoregula sp002495065	100.0	0.99	d__Archaea;p__Halobacterota;c__Methanomicrobia;o__Methanomicrobiales;f__Methanoregulaceae;g__Methanoregula;s__	ANI/Placement	topological placement and ANI have congruent species assignments	GCA_003141335.1, s__Methanoregula sp003141335, 95.0, 79.53, 0.44; GCA_002495055.1, s__Methanoregula sp002495055, 95.0, 79.24, 0.35; GCA_003154335.1, s__Methanoregula sp003154335, 95.0, 77.94, 0.27; GCA_002502245.1, s__Methanoregula sp002502245, 95.0, 77.65, 0.21; GCA_002839675.1, s__Methanoregula sp002839675, 95.0, 77.37, 0.19; GCF_000327485.1, s__Methanoregula formicica, 95.0, 77.31, 0.12; GCA_002497485.1, s__Methanoregula sp002497485, 95.0, 77.22, 0.15; GCA_003157895.1, s__Methanoregula sp003157895, 95.0, 77.2, 0.18; GCA_002839605.1, s__Methanoregula sp002839605, 95.0, 77.04, 0.13; UBA11803, s__Methanoregula sp11803u, 95.0, 77.01, 0.14; GCA_003136075.1, s__Methanoregula sp003136075, 95.0, 76.94, 0.15; GCA_002835825.1, s__Methanoregula sp002835825, 95.0, 76.75, 0.14; GCA_002508495.1, s__Methanoregula sp002508495, 95.0, 76.75, 0.13; GCA_003170075.1, s__Methanoregula sp003170075, 95.0, 76.72, 0.14; GCF_000017625.1, s__Methanoregula boonei, 95.0, 76.71, 0.09; GCA_002502735.1, s__Methanoregula sp002502735, 95.0, 76.52, 0.1	77.91	11	N/A	N/A
GCA_002067665.1	d__Archaea;p__Halobacterota;c__Methanomicrobia;o__Methanomicrobiales;f__Methanoregulaceae;g__Methanolinea;s__Methanolinea sp11423u	UBA11423	95.0	d__Archaea;p__Halobacterota;c__Methanomicrobia;o__Methanomicrobiales;f__Methanoregulaceae;g__Methanolinea;s__Methanolinea sp11423u	98.7	0.76	UBA11423	d__Archaea;p__Halobacterota;c__Methanomicrobia;o__Methanomicrobiales;f__Methanoregulaceae;g__Methanolinea;s__Methanolinea sp11423u	98.7	0.76	d__Archaea;p__Halobacterota;c__Methanomicrobia;o__Methanomicrobiales;f__Methanoregulaceae;g__Methanolinea;s__	ANI/Placement	topological placement and ANI have congruent species assignments	GCA_002501965.1, s__Methanolinea sp002501965, 95.0, 83.71, 0.7; GCA_002506105.1, s__Methanolinea sp002506105, 95.0, 78.79, 0.35; GCF_000235685.2, s__Methanolinea tarda, 95.0, 77.84, 0.26; GCA_002509495.1, s__Methanolinea sp002509495, 95.0, 77.3, 0.2	71.51	11	N/A	N/A
GCA_900100715.1	d__Archaea;p__Halobacterota;c__Methanosarcinia;o__Methanosarcinales;f__Methanosarcinaceae;g__Methanolobus;s__Methanolobus vulcani	GCF_900100715.1	95.0	d__Archaea;p__Halobacterota;c__Methanosarcinia;o__Methanosarcinales;f__Methanosarcinaceae;g__Methanolobus;s__Methanolobus vulcani	100.0	1.0	GCF_900100715.1	d__Archaea;p__Halobacterota;c__Methanosarcinia;o__Methanosarcinales;f__Methanosarcinaceae;g__Methanolobus;s__Methanolobus vulcani	100.0	1.0	d__Archaea;p__Halobacterota;c__Methanosarcinia;o__Methanosarcinales;f__Methanosarcinaceae;g__Methanolobus;s__	ANI/Placement	topological placement and ANI have congruent species assignments	GCF_000504205.1, s__Methanolobus tindarius, 95.0, 86.34, 0.81; GCF_900114835.1, s__Methanolobus profundi, 95.0, 80.98, 0.54; GCA_002507205.1, s__Methanolobus sp002507205, 95.0, 80.1, 0.54; GCF_002243045.1, s__Methanolobus psychrotolerans, 95.0, 79.76, 0.46; GCA_002508635.1, s__Methanolobus sp002508635, 95.0, 78.76, 0.25; GCA_001577565.1, s__Methanolobus sp001577565, 95.0, 78.57, 0.22; GCF_000306725.1, s__Methanolobus psychrophilus, 95.0, 76.94, 0.15; GCA_002501695.1, s__Methanolobus sp002501695, 95.0, 76.43, 0.15	98.93	11	N/A	N/A
GCA_000308215.1	d__Archaea;p__Thermoplasmatota;c__Thermoplasmata;o__Methanomassiliicoccales;f__Methanomassiliicoccaceae;g__Methanomassiliicoccus;s__Methanomassiliicoccus luminyensis	GCF_000308215.1	95.0	d__Archaea;p__Thermoplasmatota;c__Thermoplasmata;o__Methanomassiliicoccales;f__Methanomassiliicoccaceae;g__Methanomassiliicoccus;s__Methanomassiliicoccus luminyensis	100.0	1.0	GCF_000308215.1	d__Archaea;p__Thermoplasmatota;c__Thermoplasmata;o__Methanomassiliicoccales;f__Methanomassiliicoccaceae;g__Methanomassiliicoccus;s__Methanomassiliicoccus luminyensis	100.0	1.0	d__Archaea;p__Thermoplasmatota;c__Thermoplasmata;o__Methanomassiliicoccales;f__Methanomassiliicoccaceae;g__Methanomassiliicoccus;s__	ANI/Placement	topological placement and ANI have congruent species assignments	GCA_002508545.1, s__Methanomassiliicoccus sp002508545, 95.0, 79.23, 0.46	97.05	11	N/A	N/A
GCA_002067035.1	d__Archaea;p__Halobacterota;c__Methanomicrobia;o__Methanomicrobiales;f__Methanoregulaceae;g__Methanoregula;s__	N/A	N/A	N/A	N/A	N/A	N/A	N/A	N/A	N/A	d__Archaea;p__Halobacterota;c__Methanomicrobia;o__Methanomicrobiales;f__Methanoregulaceae;g__Methanoregula;s__	Placement	taxonomic classification fully defined by topology	GCA_002502245.1, s__Methanoregula sp002502245, 95.0, 80.24, 0.5; GCA_003157895.1, s__Methanoregula sp003157895, 95.0, 80.24, 0.52; GCA_002835825.1, s__Methanoregula sp002835825, 95.0, 79.74, 0.4; GCA_002839605.1, s__Methanoregula sp002839605, 95.0, 79.48, 0.39; GCF_000327485.1, s__Methanoregula formicica, 95.0, 79.46, 0.34; UBA11803, s__Methanoregula sp11803u, 95.0, 79.14, 0.39; GCA_002497485.1, s__Methanoregula sp002497485, 95.0, 79.11, 0.45; GCA_002508495.1, s__Methanoregula sp002508495, 95.0, 78.91, 0.36; GCA_002839675.1, s__Methanoregula sp002839675, 95.0, 78.37, 0.3; GCA_002502735.1, s__Methanoregula sp002502735, 95.0, 78.37, 0.27; GCA_003170075.1, s__Methanoregula sp003170075, 95.0, 78.22, 0.29; GCF_000017625.1, s__Methanoregula boonei, 95.0, 78.0, 0.2; GCA_003141335.1, s__Methanoregula sp003141335, 95.0, 77.76, 0.23; GCA_003136075.1, s__Methanoregula sp003136075, 95.0, 77.57, 0.19; GCA_002495055.1, s__Methanoregula sp002495055, 95.0, 77.55, 0.16; GCA_003154335.1, s__Methanoregula sp003154335, 95.0, 77.36, 0.14; GCA_002495065.1, s__Methanoregula sp002495065, 95.0, 76.83, 0.13	97.31	11	0.929287351467	N/A
GCA_002067645.1	d__Archaea;p__Halobacterota;c__Methanomicrobia;o__Methanomicrobiales;f__Methanoregulaceae;g__Methanoregula;s__	N/A	N/A	N/A	N/A	N/A	N/A	N/A	N/A	N/A	d__Archaea;p__Halobacterota;c__Methanomicrobia;o__Methanomicrobiales;f__Methanoregulaceae;g__Methanoregula;s__	Placement	taxonomic classification fully defined by topology	GCA_003157895.1, s__Methanoregula sp003157895, 95.0, 80.14, 0.51; GCA_002502245.1, s__Methanoregula sp002502245, 95.0, 80.13, 0.5; GCF_000327485.1, s__Methanoregula formicica, 95.0, 79.6, 0.35; GCA_002835825.1, s__Methanoregula sp002835825, 95.0, 79.45, 0.4; GCA_002839605.1, s__Methanoregula sp002839605, 95.0, 79.28, 0.39; UBA11803, s__Methanoregula sp11803u, 95.0, 79.05, 0.37; GCA_002497485.1, s__Methanoregula sp002497485, 95.0, 79.05, 0.45; GCA_002508495.1, s__Methanoregula sp002508495, 95.0, 78.93, 0.34; GCA_002839675.1, s__Methanoregula sp002839675, 95.0, 78.09, 0.3; GCA_002502735.1, s__Methanoregula sp002502735, 95.0, 78.07, 0.28; GCA_003170075.1, s__Methanoregula sp003170075, 95.0, 78.05, 0.28; GCF_000017625.1, s__Methanoregula boonei, 95.0, 77.92, 0.19; GCA_003141335.1, s__Methanoregula sp003141335, 95.0, 77.84, 0.22; GCA_002495055.1, s__Methanoregula sp002495055, 95.0, 77.6, 0.15; GCA_003136075.1, s__Methanoregula sp003136075, 95.0, 77.38, 0.19; GCA_003154335.1, s__Methanoregula sp003154335, 95.0, 77.35, 0.12; GCA_002495065.1, s__Methanoregula sp002495065, 95.0, 76.76, 0.13	97.68	11	0.92927350204	N/A
2757320509	d__Archaea;p__Halobacterota;c__Methanomicrobia;o__Methanomicrobiales;f__Methanoregulaceae;g__Methanoregula;s__	N/A	N/A	N/A	N/A	N/A	GCA_002839675.1	d__Archaea;p__Halobacterota;c__Methanomicrobia;o__Methanomicrobiales;f__Methanoregulaceae;g__Methanoregula;s__Methanoregula sp002839675	82.34	0.54	d__Archaea;p__Halobacterota;c__Methanomicrobia;o__Methanomicrobiales;f__Methanoregulaceae;g__Methanoregula;s__	Placement	taxonomic classification fully defined by topology	GCA_003141335.1, s__Methanoregula sp003141335, 95.0, 79.04, 0.36; GCA_002502245.1, s__Methanoregula sp002502245, 95.0, 78.57, 0.23; UBA11803, s__Methanoregula sp11803u, 95.0, 78.44, 0.21; GCA_002839605.1, s__Methanoregula sp002839605, 95.0, 78.36, 0.24; GCF_000327485.1, s__Methanoregula formicica, 95.0, 78.26, 0.18; GCA_002508495.1, s__Methanoregula sp002508495, 95.0, 78.19, 0.21; GCA_003157895.1, s__Methanoregula sp003157895, 95.0, 78.13, 0.24; GCA_003170075.1, s__Methanoregula sp003170075, 95.0, 77.94, 0.21; GCA_002835825.1, s__Methanoregula sp002835825, 95.0, 77.91, 0.26; GCA_002502735.1, s__Methanoregula sp002502735, 95.0, 77.89, 0.16; GCA_003136075.1, s__Methanoregula sp003136075, 95.0, 77.73, 0.21; GCA_002495055.1, s__Methanoregula sp002495055, 95.0, 77.73, 0.19; GCA_003154335.1, s__Methanoregula sp003154335, 95.0, 77.61, 0.17; GCF_000017625.1, s__Methanoregula boonei, 95.0, 77.59, 0.16; GCA_002495065.1, s__Methanoregula sp002495065, 95.0, 77.57, 0.16; GCA_002497485.1, s__Methanoregula sp002497485, 95.0, 76.91, 0.19	95.18	11	0.964434541648	N/A
archaea30022	d__Archaea;p__Halobacterota;c__Methanomicrobia;o__Methanomicrobiales;f__Methanoregulaceae;g__Methanoregula;s__	N/A	N/A	N/A	N/A	N/A	GCA_002839675.1	d__Archaea;p__Halobacterota;c__Methanomicrobia;o__Methanomicrobiales;f__Methanoregulaceae;g__Methanoregula;s__Methanoregula sp002839675	82.05	0.53	d__Archaea;p__Halobacterota;c__Methanomicrobia;o__Methanomicrobiales;f__Methanoregulaceae;g__Methanoregula;s__	Placement	taxonomic classification fully defined by topology	GCA_003141335.1, s__Methanoregula sp003141335, 95.0, 79.01, 0.34; GCA_002502245.1, s__Methanoregula sp002502245, 95.0, 78.02, 0.22; GCA_002839605.1, s__Methanoregula sp002839605, 95.0, 77.87, 0.22; GCA_002508495.1, s__Methanoregula sp002508495, 95.0, 77.8, 0.21; GCA_003170075.1, s__Methanoregula sp003170075, 95.0, 77.8, 0.22; GCA_002835825.1, s__Methanoregula sp002835825, 95.0, 77.72, 0.24; UBA11803, s__Methanoregula sp11803u, 95.0, 77.72, 0.2; GCA_002495055.1, s__Methanoregula sp002495055, 95.0, 77.72, 0.21; GCA_002495065.1, s__Methanoregula sp002495065, 95.0, 77.7, 0.14; GCA_003157895.1, s__Methanoregula sp003157895, 95.0, 77.53, 0.24; GCA_003154335.1, s__Methanoregula sp003154335, 95.0, 77.5, 0.16; GCF_000327485.1, s__Methanoregula formicica, 95.0, 77.46, 0.19; GCA_003136075.1, s__Methanoregula sp003136075, 95.0, 77.07, 0.23; GCA_002502735.1, s__Methanoregula sp002502735, 95.0, 77.05, 0.17; GCA_002497485.1, s__Methanoregula sp002497485, 95.0, 77.02, 0.18; GCF_000017625.1, s__Methanoregula boonei, 95.0, 76.92, 0.15	82.36	11	0.962835904856	N/A
GCA_002067895.1	d__Archaea;p__Halobacterota;c__Methanomicrobia;o__Methanomicrobiales;f__Methanoregulaceae;g__;s__	N/A	N/A	N/A	N/A	N/A	N/A	N/A	N/A	N/A	d__Archaea;p__Halobacterota;c__Methanomicrobia;o__Methanomicrobiales;f__Methanoregulaceae;g__;s__	Placement	taxonomic novelty determined using RED	N/A	97.68	11	0.813227469092	N/A
GCA_002067485.1	d__Archaea;p__Halobacterota;c__Methanomicrobia;o__Methanomicrobiales;f__Methanoregulaceae;g__Methanolinea;s__	N/A	N/A	N/A	N/A	N/A	GCA_002506105.1	d__Archaea;p__Halobacterota;c__Methanomicrobia;o__Methanomicrobiales;f__Methanoregulaceae;g__Methanolinea;s__Methanolinea sp002506105	82.74	0.63	d__Archaea;p__Halobacterota;c__Methanomicrobia;o__Methanomicrobiales;f__Methanoregulaceae;g__Methanolinea;s__	Placement	taxonomic classification fully defined by topology	UBA11423, s__Methanolinea sp11423u, 95.0, 78.68, 0.27; GCF_000235685.2, s__Methanolinea tarda, 95.0, 77.53, 0.21; GCA_002509495.1, s__Methanolinea sp002509495, 95.0, 77.43, 0.15; GCA_002501965.1, s__Methanolinea sp002501965, 95.0, 77.27, 0.22	80.68	11	0.970219728222	N/A
GCA_001602685.1	d__Archaea;p__Halobacterota;c__Methanomicrobia;o__Methanomicrobiales;f__Methanocorpusculaceae;g__Methanocorpusculum;s__	N/A	N/A	N/A	N/A	N/A	GCF_000015765.1	d__Archaea;p__Halobacterota;c__Methanomicrobia;o__Methanomicrobiales;f__Methanocorpusculaceae;g__Methanocorpusculum;s__Methanocorpusculum labreanum	90.77	0.51	d__Archaea;p__Halobacterota;c__Methanomicrobia;o__Methanomicrobiales;f__Methanocorpusculaceae;g__Methanocorpusculum;s__	Placement	taxonomic classification fully defined by topology	GCA_002498375.1, s__Methanocorpusculum sp002498375, 95.0, 92.43, 0.48; GCF_002287215.1, s__Methanocorpusculum parvum, 95.0, 85.89, 0.48; GCA_002506085.1, s__Methanocorpusculum sp002506085, 95.0, 80.01, 0.34	54.59	11	0.993111299082	N/A
GCA_006546655.1	d__Archaea;p__Halobacterota;c__Methanosarcinia;o__Methanosarcinales;f__Methanosarcinaceae;g__Methanolobus;s__	N/A	N/A	N/A	N/A	N/A	N/A	N/A	N/A	N/A	d__Archaea;p__Halobacterota;c__Methanosarcinia;o__Methanosarcinales;f__Methanosarcinaceae;g__Methanolobus;s__	Placement	taxonomic classification fully defined by topology	GCF_900100715.1, s__Methanolobus vulcani, 95.0, 86.76, 0.77; GCF_000504205.1, s__Methanolobus tindarius, 95.0, 85.99, 0.77; GCF_900114835.1, s__Methanolobus profundi, 95.0, 81.13, 0.52; GCA_002507205.1, s__Methanolobus sp002507205, 95.0, 80.35, 0.51; GCF_002243045.1, s__Methanolobus psychrotolerans, 95.0, 79.65, 0.43; GCA_001577565.1, s__Methanolobus sp001577565, 95.0, 79.23, 0.2; GCA_002508635.1, s__Methanolobus sp002508635, 95.0, 78.79, 0.22; GCF_000306725.1, s__Methanolobus psychrophilus, 95.0, 77.36, 0.14; GCA_002501695.1, s__Methanolobus sp002501695, 95.0, 76.5, 0.13	98.93	11	0.97052339208	N/A
GCA_002067275.1	d__Archaea;p__Halobacterota;c__Methanosarcinia;o__Methanosarcinales;f__Methanosarcinaceae;g__Methanomethylovorans;s__	N/A	N/A	N/A	N/A	N/A	GCA_001896725.1	d__Archaea;p__Halobacterota;c__Methanosarcinia;o__Methanosarcinales;f__Methanosarcinaceae;g__Methanomethylovorans;s__Methanomethylovorans sp001896725	85.92	0.77	d__Archaea;p__Halobacterota;c__Methanosarcinia;o__Methanosarcinales;f__Methanosarcinaceae;g__Methanomethylovorans;s__	Placement	taxonomic classification fully defined by topology	GCF_000328665.1, s__Methanomethylovorans hollandica, 95.0, 86.06, 0.82; GCA_002508425.1, s__Methanomethylovorans sp002508425, 95.0, 81.98, 0.68	93.27	11	0.945437631579	N/A
GCA_003838235.1	d__Archaea;p__Halobacterota;c__Methanosarcinia;o__Methanosarcinales;f__Methanosarcinaceae;g__Methanosalsum;s__	N/A	N/A	N/A	N/A	N/A	N/A	N/A	N/A	N/A	d__Archaea;p__Halobacterota;c__Methanosarcinia;o__Methanosarcinales;f__Methanosarcinaceae;g__;s__	Placement	taxonomic novelty determined using RED	N/A	75.02	11	0.884551870485	N/A
GCA_003555325.1	d__Archaea;p__Halobacterota;c__Methanosarcinia;o__Methanosarcinales;f__Methanosarcinaceae;g__Methanosalsum;s__	N/A	N/A	N/A	N/A	N/A	GCF_000217995.1	d__Archaea;p__Halobacterota;c__Methanosarcinia;o__Methanosarcinales;f__Methanosarcinaceae;g__Methanosalsum;s__Methanosalsum zhilinae	77.37	0.13	d__Archaea;p__Halobacterota;c__Methanosarcinia;o__Methanosarcinales;f__Methanosarcinaceae;g__;s__	Placement	taxonomic novelty determined using RED	N/A	91.82	11	0.879460086727	N/A
GCA_002067315.1	d__Archaea;p__Halobacterota;c__Methanocellia;o__Methanocellales;f__Methanocellaceae;g__Methanocella_A;s__	N/A	N/A	N/A	N/A	N/A	GCF_000063445.1	d__Archaea;p__Halobacterota;c__Methanocellia;o__Methanocellales;f__Methanocellaceae;g__Methanocella_A;s__Methanocella_A arvoryzae	78.48	0.33	d__Archaea;p__Halobacterota;c__Methanocellia;o__Methanocellales;f__Methanocellaceae;g__;s__	Placement	taxonomic novelty determined using RED	N/A	96.98	11	0.863136774993	N/A
GCA_002067635.1	d__Archaea;p__Thermoplasmatota;c__Thermoplasmata;o__Methanomassiliicoccales;f__Methanomassiliicoccaceae;g__Methanomassiliicoccus;s__	N/A	N/A	N/A	N/A	N/A	GCA_002508545.1	d__Archaea;p__Thermoplasmatota;c__Thermoplasmata;o__Methanomassiliicoccales;f__Methanomassiliicoccaceae;g__Methanomassiliicoccus;s__Methanomassiliicoccus sp002508545	79.24	0.42	d__Archaea;p__Thermoplasmatota;c__Thermoplasmata;o__Methanomassiliicoccales;f__Methanomassiliicoccaceae;g__Methanomassiliicoccus;s__	Placement	taxonomic classification fully defined by topology	GCF_000308215.1, s__Methanomassiliicoccus luminyensis, 95.0, 77.96, 0.33	71.1	11	0.904819066842	N/A
GCA_002067045.1	d__Archaea;p__Thermoplasmatota;c__Thermoplasmata;o__Methanomassiliicoccales;f__UBA472;g__UBA472;s__	N/A	N/A	N/A	N/A	N/A	N/A	N/A	N/A	N/A	d__Archaea;p__Thermoplasmatota;c__Thermoplasmata;o__Methanomassiliicoccales;f__;g__;s__	Placement	taxonomic novelty determined using RED	N/A	81.5	11	0.916755161976	N/A
GCA_004525545.1	d__Archaea;p__Thermoplasmatota;c__Thermoplasmata;o__Methanomassiliicoccales;f__UBA472;g__UBA472;s__	N/A	N/A	N/A	N/A	N/A	N/A	N/A	N/A	N/A	d__Archaea;p__Thermoplasmatota;c__Thermoplasmata;o__Methanomassiliicoccales;f__;g__;s__	Placement	taxonomic novelty determined using RED	N/A	93.52	11	0.906261977737	N/A
GCA_002067865.1	d__Archaea;p__Thermoplasmatota;c__Thermoplasmata;o__Methanomassiliicoccales;f__UBA472;g__;s__	N/A	N/A	N/A	N/A	N/A	N/A	N/A	N/A	N/A	d__Archaea;p__Thermoplasmatota;c__Thermoplasmata;o__Methanomassiliicoccales;f__;g__;s__	Placement	taxonomic novelty determined using RED	N/A	96.9	11	0.747249611663	N/A
GCA_001595815.1	d__Archaea;p__Euryarchaeota;c__Thermococci;o__Methanofastidiosales;f__;g__;s__	N/A	N/A	N/A	N/A	N/A	N/A	N/A	N/A	N/A	d__Archaea;p__Euryarchaeota;c__Thermococci;o__;f__;g__;s__	Placement	taxonomic novelty determined using RED	N/A	89.79	11	0.476891705667	N/A
