genome,pmoA_TIGR03080,pmoB_TIGR03079,pmoC_TIGR03078,mmoB_PF02406,mmoD_TIGR04550,mcrA_TIGR03256,mcrB_TIGR03257,mcrC_TIGR03259
archaea00015,0,0,0,0,0,1,1,1
archaea00024,0,0,0,0,0,1,1,1
archaea00041,0,0,0,0,0,1,1,1
archaea00050,0,0,0,0,0,1,1,1
archaea00075,0,0,0,0,0,1,1,1
archaea00142,0,0,0,0,0,1,1,1
archaea00145,0,0,0,0,0,2,2,2
archaea00148,0,0,0,0,0,1,1,1
archaea00312,0,0,0,0,0,1,1,1
archaea00330,0,0,0,0,0,0,0,0
archaea00331,0,0,0,0,0,0,0,0
archaea00357,0,0,0,0,0,1,1,1
archaea00366,0,0,0,0,0,0,2,0
archaea00394,0,0,0,0,0,0,0,0
archaea00420,0,0,0,0,0,0,1,1
archaea00449,0,0,0,0,0,0,0,0
archaea00477,0,0,0,0,0,1,1,1
archaea00491,0,0,0,0,0,1,1,1
archaea00492,0,0,0,0,0,1,1,1
archaea00496,0,0,0,0,0,1,2,2
archaea00512,0,0,0,0,0,0,2,2
archaea00518,0,0,0,0,0,0,0,0
archaea00529,0,0,0,0,0,1,1,1
archaea00568,0,0,0,0,0,0,0,0
archaea00572,0,0,0,0,0,1,1,1
archaea00595,0,0,0,0,0,1,1,1
archaea00606,0,0,0,0,0,1,1,1
archaea00631,0,0,0,0,0,1,1,1
archaea00643,0,0,0,0,0,1,1,1
archaea00669,0,0,0,0,0,1,1,1
archaea00676,0,0,0,0,0,1,0,0
archaea00685,0,0,0,0,0,1,1,1
archaea00704,0,0,0,0,0,1,1,1
archaea00738,0,0,0,0,0,0,1,1
archaea00781,0,0,0,0,0,0,2,0
archaea00783,0,0,0,0,0,0,1,1
archaea00784,0,0,0,0,0,1,1,1
archaea00816,0,0,0,0,0,0,0,0
archaea00857,0,0,0,0,0,1,0,0
archaea00859,0,0,0,0,0,1,1,1
archaea00861,0,0,0,0,0,1,1,1
archaea00863,0,0,0,0,0,1,1,1
archaea00864,0,0,0,0,0,1,1,1
archaea00865,0,0,0,0,0,0,1,1
archaea00911,0,0,0,0,0,0,0,0
archaea00912,0,0,0,0,0,0,0,0
archaea00943,0,0,0,0,0,1,1,1
archaea00944,0,0,0,0,0,1,0,0
archaea00966,0,0,0,0,0,0,0,0
archaea00981,0,0,0,0,0,1,1,1
archaea01023,0,0,0,0,0,1,1,1
archaea01029,0,0,0,0,0,1,1,1
archaea01057,0,0,0,0,0,0,0,0
archaea01058,0,0,0,0,0,0,0,0
archaea01059,0,0,0,0,0,0,1,1
archaea01060,0,0,0,0,0,0,0,0
bacteria00190,0,0,0,0,0,0,0,0
bacteria00193,0,0,0,0,0,0,0,0
bacteria00203,0,0,0,0,0,0,0,0
bacteria00229,0,0,0,0,0,0,0,0
bacteria00506,0,0,0,0,0,0,0,0
bacteria00725,0,0,0,0,0,0,0,0
bacteria00749,0,0,0,0,0,0,0,0
bacteria00897,0,0,0,0,0,0,0,0
bacteria01071,0,0,0,0,0,0,0,0
bacteria01141,0,0,0,0,0,0,0,0
bacteria01181,0,0,0,0,0,0,0,0
bacteria01199,0,0,0,0,0,0,0,0
bacteria01616,0,0,0,0,0,0,0,0
bacteria01626,0,0,0,0,0,0,0,0
bacteria01635,0,0,0,0,0,0,0,0
bacteria01699,0,0,0,0,0,0,0,0
bacteria01708,0,0,0,0,0,0,0,0
bacteria01723,0,0,0,0,0,0,0,0
bacteria01866,0,0,0,0,0,0,0,0
bacteria01900,0,0,0,0,0,0,0,0
bacteria02048,0,0,0,0,0,0,0,0
bacteria02069,0,0,0,0,0,0,0,0
bacteria02134,0,0,0,0,0,0,0,0
bacteria02135,0,0,0,0,0,0,0,0
bacteria02180,0,0,0,0,0,0,0,0
bacteria02248,0,0,0,0,0,0,0,0
bacteria02472,0,0,0,0,0,0,0,0
bacteria02474,0,0,0,0,0,0,0,0
bacteria02631,0,0,0,0,0,0,0,0
bacteria03013,0,0,0,0,0,0,0,0
bacteria03712,0,0,0,0,0,0,0,0
bacteria04577,0,0,0,0,0,0,0,0
bacteria05209,0,0,0,0,0,0,0,0
bacteria05316,0,0,0,0,0,0,0,0
bacteria05416,0,0,0,0,0,0,0,0
bacteria05491,0,0,0,0,0,0,0,0
bacteria06288,0,0,0,0,0,0,0,0
bacteria06329,0,0,0,0,0,0,0,0
bacteria06331,0,0,0,0,0,0,0,0
bacteria06336,0,0,0,0,0,0,0,0
bacteria06350,0,0,0,0,0,0,0,0
bacteria06360,0,0,0,0,0,0,0,0
bacteria06369,0,0,0,0,0,0,0,0
bacteria06383,0,0,0,0,0,0,0,0
bacteria06389,0,0,0,0,0,0,0,0
bacteria06441,0,0,0,0,0,0,0,0
bacteria06450,0,0,0,0,0,0,0,0
bacteria06457,0,0,0,0,0,0,0,0
bacteria06459,0,0,0,0,0,0,0,0
bacteria06463,0,0,0,0,0,0,0,0
bacteria06464,0,0,0,0,0,0,0,0
bacteria06500,0,0,0,0,0,0,0,0
bacteria06501,0,0,0,0,0,0,0,0
bacteria06570,0,0,0,0,0,0,0,0
bacteria06661,0,0,0,0,0,0,0,0
bacteria06781,0,0,0,0,0,0,0,0
bacteria06881,0,0,0,0,0,0,0,0
bacteria07316,0,0,0,0,0,0,0,0
bacteria07317,0,0,0,0,0,0,0,0
bacteria07318,0,0,0,0,0,0,0,0
bacteria07319,0,0,0,0,0,0,0,0
bacteria07320,0,0,0,0,0,0,0,0
bacteria07594,0,0,0,0,0,0,0,0
bacteria07622,0,0,0,0,0,0,0,0
bacteria07623,0,0,0,0,0,0,0,0
bacteria07624,0,0,0,0,0,0,0,0
bacteria07662,0,0,0,0,0,0,0,0
bacteria07664,0,0,0,0,0,0,0,0
bacteria07704,0,0,0,0,0,0,0,0
bacteria07713,0,0,0,0,0,0,0,0
bacteria07716,0,0,0,0,0,0,0,0
bacteria07719,0,0,0,0,0,0,0,0
bacteria07723,0,0,0,0,0,0,0,0
bacteria07725,0,0,0,0,0,0,0,0
bacteria07729,0,0,0,0,0,0,0,0
bacteria07731,0,0,0,0,0,0,0,0
bacteria07733,0,0,0,0,0,0,0,0
bacteria07738,0,0,0,0,0,0,0,0
bacteria07739,0,0,0,0,0,0,0,0
bacteria07743,0,0,0,0,0,0,0,0
bacteria07753,0,0,0,0,0,0,0,0
bacteria07754,0,0,0,0,0,0,0,0
bacteria07767,0,0,0,0,0,0,0,0
bacteria07776,0,0,0,0,0,0,0,0
bacteria07777,0,0,0,0,0,0,0,0
bacteria07782,0,0,0,0,0,0,0,0
bacteria07783,0,0,0,0,0,0,0,0
bacteria07791,0,0,0,0,0,0,0,0
bacteria07807,0,0,0,0,0,0,0,0
bacteria07809,0,0,0,0,0,0,0,0
bacteria07810,0,0,0,0,0,0,0,0
bacteria07814,0,0,0,0,0,0,0,0
bacteria07815,0,0,0,0,0,0,0,0
bacteria07820,0,0,0,0,0,0,0,0
bacteria07821,0,0,0,0,0,0,0,0
bacteria07828,0,0,0,0,0,0,0,0
bacteria07830,0,0,0,0,0,0,0,0
bacteria07831,0,0,0,0,0,0,0,0
bacteria07832,0,0,0,0,0,0,0,0
bacteria07835,0,0,0,0,0,0,0,0
bacteria07840,0,0,0,0,0,0,0,0
bacteria07857,0,0,0,0,0,0,0,0
bacteria07861,0,0,0,0,0,0,0,0
bacteria07867,0,0,0,0,0,0,0,0
bacteria07868,0,0,0,0,0,0,0,0
bacteria07869,0,0,0,0,0,0,0,0
bacteria07870,0,0,0,0,0,0,0,0
bacteria07941,0,0,0,0,0,0,0,0
bacteria07943,0,0,0,0,0,0,0,0
bacteria07997,0,0,0,0,0,0,0,0
bacteria08000,0,0,0,0,0,0,0,0
bacteria08015,0,0,0,0,0,0,0,0
bacteria08017,0,0,0,0,0,0,0,0
bacteria08020,0,0,0,0,0,0,0,0
bacteria08027,0,0,0,0,0,0,0,0
bacteria08032,0,0,0,0,0,0,0,0
bacteria08033,0,0,0,0,0,0,0,0
bacteria08078,0,0,0,0,0,0,0,0
bacteria08079,0,0,0,0,0,0,0,0
bacteria08090,0,0,0,0,0,0,0,0
bacteria08100,0,0,0,0,0,0,0,0
bacteria08141,0,0,0,0,0,0,0,0
bacteria08617,0,0,0,0,0,0,0,0
bacteria08626,0,0,0,0,0,0,0,0
bacteria08629,0,0,0,0,0,0,0,0
bacteria08669,0,0,0,0,0,0,0,0
bacteria08670,0,0,0,0,0,0,0,0
bacteria08671,0,0,0,0,0,0,0,0
bacteria08672,0,0,0,0,0,0,0,0
bacteria08673,0,0,0,0,0,0,0,0
bacteria08675,0,0,0,0,0,0,0,0
bacteria08677,0,0,0,0,0,0,0,0
bacteria08678,0,0,0,0,0,0,0,0
bacteria08679,0,0,0,0,0,0,0,0
bacteria08680,0,0,0,0,0,0,0,0
bacteria08681,0,0,0,0,0,0,0,0
bacteria08682,0,0,0,0,0,0,0,0
bacteria08683,0,0,0,0,0,0,0,0
bacteria08685,0,0,0,0,0,0,0,0
bacteria08687,0,0,0,0,0,0,0,0
bacteria08688,0,0,0,0,0,0,0,0
bacteria08689,0,0,0,0,0,0,0,0
bacteria08704,0,0,0,0,0,0,0,0
bacteria08707,0,0,0,0,0,0,0,0
bacteria08719,0,0,0,0,0,0,0,0
bacteria08741,0,0,0,0,0,0,0,0
bacteria08742,0,0,0,0,0,0,0,0
bacteria08743,0,0,0,0,0,0,0,0
bacteria08744,0,0,0,0,0,0,0,0
bacteria08753,0,0,0,0,0,0,0,0
bacteria08763,0,0,0,0,0,0,0,0
bacteria08785,0,0,0,0,0,0,0,0
bacteria09073,0,0,0,0,0,0,0,0
bacteria09687,0,0,0,0,0,0,0,0
bacteria10831,0,0,0,0,0,0,0,0
bacteria10932,0,0,0,0,0,0,0,0
bacteria11094,0,0,0,0,0,0,0,0
bacteria11097,0,0,0,0,0,0,0,0
bacteria11124,0,0,0,0,0,0,0,0
bacteria11134,0,0,0,0,0,0,0,0
bacteria11135,0,0,0,0,0,0,0,0
bacteria11138,0,0,0,0,0,0,0,0
bacteria11166,0,0,0,0,0,0,0,0
bacteria11222,0,0,0,0,0,0,0,0
bacteria11230,0,0,0,0,0,0,0,0
bacteria11269,0,0,0,0,0,0,0,0
bacteria11313,0,0,0,0,0,0,0,0
bacteria11328,0,0,0,0,0,0,0,0
bacteria11330,0,0,0,0,0,0,0,0
bacteria11342,0,0,0,0,0,0,0,0
bacteria11343,0,0,0,0,0,0,0,0
bacteria11556,0,0,0,0,0,0,0,0
bacteria11782,0,0,0,0,0,0,0,0
bacteria11886,0,0,0,0,0,0,0,0
bacteria11908,0,0,0,0,0,0,0,0
bacteria12041,0,0,0,0,0,0,0,0
bacteria12051,0,0,0,0,0,0,0,0
bacteria12076,0,0,0,0,0,0,0,0
bacteria12079,0,0,0,0,0,0,0,0
bacteria12088,0,0,0,0,0,0,0,0
bacteria12104,0,0,0,0,0,0,0,0
bacteria12131,0,0,0,0,0,0,0,0
bacteria12162,0,0,0,0,0,0,0,0
bacteria12556,0,0,0,0,0,0,0,0
bacteria12786,0,0,0,0,0,0,0,0
bacteria12801,0,0,0,0,0,0,0,0
bacteria12864,0,0,0,0,0,0,0,0
bacteria12866,0,0,0,0,0,0,0,0
bacteria12873,0,0,0,0,0,0,0,0
bacteria12876,0,0,0,0,0,0,0,0
bacteria12878,0,0,0,0,0,0,0,0
bacteria12889,0,0,0,0,0,0,0,0
bacteria12892,0,0,0,0,0,0,0,0
bacteria12896,0,0,0,0,0,0,0,0
bacteria12907,0,0,0,0,0,0,0,0
bacteria13121,0,0,0,0,0,0,0,0
bacteria13733,0,0,0,0,0,0,0,0
bacteria13742,0,0,0,0,0,0,0,0
bacteria14020,0,0,0,0,0,0,0,0
bacteria14048,0,0,0,0,0,0,0,0
bacteria14060,0,0,0,0,0,0,0,0
bacteria14247,0,0,0,0,0,0,0,0
bacteria14256,0,0,0,0,0,0,0,0
bacteria14269,0,0,0,0,0,0,0,0
bacteria14303,0,0,0,0,0,0,0,0
bacteria14306,0,0,0,0,0,0,0,0
bacteria14310,0,0,0,0,0,0,0,0
bacteria14315,0,0,0,0,0,0,0,0
bacteria14343,0,0,0,0,0,0,0,0
bacteria14344,0,0,0,0,0,0,0,0
bacteria14346,0,0,0,0,0,0,0,0
bacteria14347,0,0,0,0,0,0,0,0
bacteria14368,0,0,0,0,0,0,0,0
bacteria14523,0,0,0,0,0,0,0,0
bacteria14584,0,0,0,0,0,0,0,0
bacteria15035,0,0,0,0,0,0,0,0
bacteria15050,0,0,0,0,0,0,0,0
bacteria15087,0,0,0,0,0,0,0,0
bacteria15094,0,0,0,0,0,0,0,0
bacteria15105,0,0,0,0,0,0,0,0
bacteria15146,0,0,0,0,0,0,0,0
bacteria15155,0,0,0,0,0,0,0,0
bacteria15189,0,0,0,0,0,0,0,0
bacteria15208,0,0,0,0,0,0,0,0
bacteria15219,0,0,0,0,0,0,0,0
bacteria15227,0,0,0,0,0,0,0,0
bacteria15247,0,0,0,0,0,0,0,0
bacteria15258,0,0,0,0,0,0,0,0
bacteria15291,0,0,0,0,0,0,0,0
bacteria15310,0,0,0,0,0,0,0,0
bacteria15437,0,0,0,0,0,0,0,0
bacteria15457,0,0,0,0,0,0,0,0
bacteria15458,0,0,0,0,0,0,0,0
bacteria15465,0,0,0,0,0,0,0,0
bacteria15477,0,0,0,0,0,0,0,0
bacteria15487,0,0,0,0,0,0,0,0
bacteria15490,0,0,0,0,0,0,0,0
bacteria15495,0,0,0,0,0,0,0,0
bacteria15534,0,0,0,0,0,0,0,0
bacteria15553,0,0,0,0,0,0,0,0
bacteria15559,0,0,0,0,0,0,0,0
bacteria15587,0,0,0,0,0,0,0,0
bacteria15609,0,0,0,0,0,0,0,0
bacteria15632,0,0,0,0,0,0,0,0
bacteria15636,0,0,0,0,0,0,0,0
bacteria15646,0,0,0,0,0,0,0,0
bacteria15651,0,0,0,0,0,0,0,0
bacteria15658,0,0,0,0,0,0,0,0
bacteria15664,0,0,0,0,0,0,0,0
bacteria15672,0,0,0,0,0,0,0,0
bacteria15722,0,0,0,0,0,0,0,0
bacteria15783,0,0,0,0,0,0,0,0
bacteria15803,0,0,0,0,0,0,0,0
bacteria15853,0,0,0,0,0,0,0,0
bacteria15873,0,0,0,0,0,0,0,0
bacteria15885,0,0,0,0,0,0,0,0
bacteria15886,0,0,0,0,0,0,0,0
bacteria15893,0,0,0,0,0,0,0,0
bacteria15898,0,0,0,0,0,0,0,0
bacteria15914,0,0,0,0,0,0,0,0
bacteria15920,0,0,0,0,0,0,0,0
bacteria15924,0,0,0,0,0,0,0,0
bacteria15970,0,0,0,0,0,0,0,0
bacteria16029,0,0,0,0,0,0,0,0
bacteria16068,0,0,0,0,0,0,0,0
bacteria16099,0,0,0,0,0,0,0,0
bacteria16125,0,0,0,0,0,0,0,0
bacteria16132,0,0,0,0,0,0,0,0
bacteria16150,0,0,0,0,0,0,0,0
bacteria16176,0,0,0,0,0,0,0,0
bacteria16238,0,0,0,0,0,0,0,0
bacteria16256,0,0,0,0,0,0,0,0
bacteria16275,0,0,0,0,0,0,0,0
bacteria16369,0,0,0,0,0,0,0,0
bacteria16379,0,0,0,0,0,0,0,0
bacteria16382,0,0,0,0,0,0,0,0
bacteria16593,0,0,0,0,0,0,0,0
bacteria16738,0,0,0,0,0,0,0,0
bacteria17013,0,0,0,0,0,0,0,0
bacteria17128,0,0,0,0,0,0,0,0
bacteria17162,0,0,0,0,0,0,0,0
bacteria17275,0,0,0,0,0,0,0,0
bacteria17323,0,0,0,0,0,0,0,0
bacteria17335,0,0,0,0,0,0,0,0
bacteria17348,0,0,0,0,0,0,0,0
bacteria17349,0,0,0,0,0,0,0,0
bacteria17529,0,0,0,0,0,0,0,0
bacteria17632,0,0,0,0,0,0,0,0
bacteria17822,0,0,0,0,0,0,0,0
bacteria17823,0,0,0,0,0,0,0,0
bacteria17870,0,0,0,0,0,0,0,0
bacteria18037,0,0,0,0,0,0,0,0
bacteria18042,0,0,0,0,0,0,0,0
bacteria19726,0,0,0,0,0,0,0,0
bacteria20068,0,0,0,0,0,0,0,0
bacteria20100,0,0,0,0,0,0,0,0
bacteria20231,0,0,0,0,0,0,0,0
bacteria20275,0,0,0,0,0,0,0,0
bacteria20292,0,0,0,0,0,0,0,0
bacteria20309,0,0,0,0,0,0,0,0
bacteria20316,0,0,0,0,0,0,0,0
bacteria20330,0,0,0,0,0,0,0,0
bacteria20361,0,0,0,0,0,0,0,0
bacteria20400,0,0,0,0,0,0,0,0
bacteria20431,0,0,0,0,0,0,0,0
bacteria20436,0,0,0,0,0,0,0,0
bacteria20440,0,0,0,0,0,0,0,0
bacteria20442,0,0,0,0,0,0,0,0
bacteria20443,0,0,0,0,0,0,0,0
bacteria20444,0,0,0,0,0,0,0,0
bacteria20445,0,0,0,0,0,0,0,0
bacteria20451,0,0,0,0,0,0,0,0
bacteria20453,0,0,0,0,0,0,0,0
bacteria20454,0,0,0,0,0,0,0,0
bacteria20458,0,0,0,0,0,0,0,0
bacteria20475,0,0,0,0,0,0,0,0
bacteria20477,0,0,0,0,0,0,0,0
bacteria20480,0,0,0,0,0,0,0,0
bacteria20486,0,0,0,0,0,0,0,0
bacteria20489,0,0,0,0,0,0,0,0
bacteria20491,0,0,0,0,0,0,0,0
bacteria20494,0,0,0,0,0,0,0,0
bacteria20497,0,0,0,0,0,0,0,0
bacteria20503,0,0,0,0,0,0,0,0
bacteria20505,0,0,0,0,0,0,0,0
bacteria20569,0,0,0,0,0,0,0,0
bacteria20615,0,0,0,0,0,0,0,0
bacteria20622,0,0,0,0,0,0,0,0
bacteria20625,0,0,0,0,0,0,0,0
bacteria20631,0,0,0,0,0,0,0,0
bacteria20664,0,0,0,0,0,0,0,0
bacteria20666,0,0,0,0,0,0,0,0
bacteria20667,0,0,0,0,0,0,0,0
bacteria20671,0,0,0,0,0,0,0,0
bacteria20672,0,0,0,0,0,0,0,0
bacteria20675,0,0,0,0,0,0,0,0
bacteria20678,0,0,0,0,0,0,0,0
bacteria20685,0,0,0,0,0,0,0,0
bacteria20689,0,0,0,0,0,0,0,0
bacteria20692,0,0,0,0,0,0,0,0
bacteria20693,0,0,0,0,0,0,0,0
bacteria20695,0,0,0,0,0,0,0,0
bacteria20697,0,0,0,0,0,0,0,0
bacteria20699,0,0,0,0,0,0,0,0
bacteria20700,0,0,0,0,0,0,0,0
bacteria20701,0,0,0,0,0,0,0,0
bacteria20706,0,0,0,0,0,0,0,0
bacteria20707,0,0,0,0,0,0,0,0
bacteria20733,0,0,0,0,0,0,0,0
bacteria20738,0,0,0,0,0,0,0,0
bacteria20742,0,0,0,0,0,0,0,0
bacteria20744,0,0,0,0,0,0,0,0
bacteria20745,0,0,0,0,0,0,0,0
bacteria20749,0,0,0,0,0,0,0,0
bacteria20752,0,0,0,0,0,0,0,0
bacteria20754,0,0,0,0,0,0,0,0
bacteria20803,0,0,0,0,0,0,0,0
bacteria20804,0,0,0,0,0,0,0,0
bacteria20809,0,0,0,0,0,0,0,0
bacteria20812,0,0,0,0,0,0,0,0
bacteria20819,0,0,0,0,0,0,0,0
bacteria20828,0,0,0,0,0,0,0,0
bacteria20830,0,0,0,0,0,0,0,0
bacteria20841,0,0,0,0,0,0,0,0
bacteria20842,0,0,0,0,0,0,0,0
bacteria20845,0,0,0,0,0,0,0,0
bacteria20867,0,0,0,0,0,0,0,0
bacteria20869,0,0,0,0,0,0,0,0
bacteria20871,0,0,0,0,0,0,0,0
bacteria20876,0,0,0,0,0,0,0,0
bacteria20880,0,0,0,0,0,0,0,0
bacteria20885,0,0,0,0,0,0,0,0
bacteria20888,0,0,0,0,0,0,0,0
bacteria20889,0,0,0,0,0,0,0,0
bacteria20898,0,0,0,0,0,0,0,0
bacteria20901,0,0,0,0,0,0,0,0
bacteria20914,0,0,0,0,0,0,0,0
bacteria20931,0,0,0,0,0,0,0,0
bacteria21013,0,0,0,0,0,0,0,0
bacteria21019,0,0,0,0,0,0,0,0
bacteria21020,0,0,0,0,0,0,0,0
bacteria21037,0,0,0,0,0,0,0,0
bacteria21049,0,0,0,0,0,0,0,0
bacteria21052,0,0,0,0,0,0,0,0
bacteria21102,0,0,0,0,0,0,0,0
bacteria21130,0,0,0,0,0,0,0,0
bacteria21162,0,0,0,0,0,0,0,0
bacteria21165,0,0,0,0,0,0,0,0
bacteria21170,0,0,0,0,0,0,0,0
bacteria21187,0,0,0,0,0,0,0,0
bacteria21197,0,0,0,0,0,0,0,0
bacteria21230,0,0,0,0,0,0,0,0
bacteria21278,0,0,0,0,0,0,0,0
bacteria21335,0,0,0,0,0,0,0,0
bacteria21351,0,0,0,0,0,0,0,0
bacteria21399,0,0,0,0,0,0,0,0
bacteria21401,0,0,0,0,0,0,0,0
bacteria21402,0,0,0,0,0,0,0,0
bacteria21447,0,0,0,0,0,0,0,0
bacteria21452,0,0,0,0,0,0,0,0
bacteria22278,0,0,0,0,0,0,0,0
bacteria22395,0,0,0,0,0,0,0,0
bacteria22396,0,0,0,0,0,0,0,0
bacteria22930,0,0,0,0,0,0,0,0
bacteria23257,0,0,0,0,0,0,0,0
bacteria23258,0,0,0,0,0,0,0,0
bacteria23259,0,0,0,0,0,0,0,0
bacteria23260,0,0,0,0,0,0,0,0
bacteria23263,0,0,0,0,0,0,0,0
bacteria23264,0,0,0,0,0,0,0,0
bacteria23265,0,0,0,0,0,0,0,0
bacteria23266,0,0,0,0,0,0,0,0
bacteria23267,0,0,0,0,0,0,0,0
bacteria23268,0,0,0,0,0,0,0,0
bacteria23269,0,0,0,0,0,0,0,0
bacteria23270,0,0,0,0,0,0,0,0
bacteria23272,0,0,0,0,0,0,0,0
bacteria23273,0,0,0,0,0,0,0,0
bacteria23274,0,0,0,0,0,0,0,0
bacteria23275,0,0,0,0,0,0,0,0
bacteria23276,0,0,0,0,0,0,0,0
bacteria23277,0,0,0,0,0,0,0,0
bacteria23278,0,0,0,0,0,0,0,0
bacteria23279,0,0,0,0,0,0,0,0
bacteria23280,0,0,0,0,0,0,0,0
bacteria23281,0,0,0,0,0,0,0,0
bacteria23282,0,0,0,0,0,0,0,0
bacteria23283,0,0,0,0,0,0,0,0
bacteria23284,0,0,0,0,0,0,0,0
bacteria23285,0,0,0,0,0,0,0,0
bacteria23286,0,0,0,0,0,0,0,0
bacteria23287,0,0,0,0,0,0,0,0
bacteria23288,0,0,0,0,0,0,0,0
bacteria23289,0,0,0,0,0,0,0,0
bacteria23290,0,0,0,0,0,0,0,0
bacteria23291,0,0,0,0,0,0,0,0
bacteria23292,0,0,0,0,0,0,0,0
bacteria23293,0,0,0,0,0,0,0,0
bacteria23294,0,0,0,0,0,0,0,0
bacteria23296,0,0,0,0,0,0,0,0
bacteria23297,0,0,0,0,0,1,1,1
bacteria23298,0,0,0,0,0,0,0,0
bacteria23299,0,0,0,0,0,0,0,0
bacteria23300,0,0,0,0,0,0,0,0
bacteria23301,0,0,0,0,0,0,0,0
bacteria23302,0,0,0,0,0,0,0,0
bacteria23303,0,0,0,0,0,0,0,0
bacteria23304,0,0,0,0,0,0,0,0
bacteria23305,0,0,0,0,0,0,0,0
bacteria23306,0,0,0,0,0,0,0,0
bacteria23307,0,0,0,0,0,0,0,0
bacteria23308,0,0,0,0,0,0,0,0
bacteria23309,0,0,0,0,0,0,0,0
bacteria23311,0,0,0,0,0,0,0,0
bacteria23313,0,0,0,0,0,0,0,0
bacteria23314,0,0,0,0,0,0,0,0
bacteria23315,0,0,0,0,0,0,0,0
bacteria23316,0,0,0,0,0,0,0,0
bacteria23317,0,0,0,0,0,0,0,0
bacteria23318,0,0,0,0,0,0,0,0