2757320496,Spirochaetes,92.3,1.15,Spirochaetes,d__Bacteria;p__Spirochaetota;c__Spirochaetia;o__Treponematales;f__UBA12059;g__SZUA-370;s__,Spirochaetes,Spirochaetes,NA ,NA,NA,minnesota lakes metagenomes,Jones et al. 2019,Freshwater,2757320496,Contig,4.1,58.6,NA,NA,NA,NA,2019,NA,NA,
2757320508,PVC,76.41,7.35,PVC,d__Bacteria;p__Verrucomicrobiota;c__Kiritimatiellae;o__Kiritimatiellales;f__UBA1859;g__UBA5540;s__,PVC;Verrucomicrobia,PVC,NA ,NA,NA,minnesota lakes metagenomes,Jones et al. 2019,Freshwater,2757320508,Contig,3.1,54.4,NA,NA,NA,NA,2019,NA,NA,
2757320509,Euryarchaeota,96.73,3.27,Euryarchaeota,d__Archaea;p__Halobacterota;c__Methanomicrobia;o__Methanomicrobiales;f__Methanoregulaceae;g__Methanoregula;s__,Euryarchaeota,Euryarchaeota,NA ,NA,NA,minnesota lakes metagenomes,Jones et al. 2019,Freshwater,2757320509,Contig,3,48.7,NA,NA,NA,NA,2019,NA,NA,
GCA_000013445.1,Methanospirillum hungatei JF-1,99.02,0.33,Archaea;Euryarchaeota;Stenosarchaea group,d__Archaea;p__Halobacterota;c__Methanomicrobia;o__Methanomicrobiales;f__Methanospirillaceae;g__Methanospirillum;s__Methanospirillum hungatei,Euryarchaeota,Euryarchaeota,JF-1,SAMN02598287,PRJNA13015,Isolate sequencing,Gunsalus et al. 2016,Isolate,GCA_000013445.1,Complete,3.54474,45.1,chromosome:NC_007796.1/CP000254.1,,1,3294,2006-02-17T00:00:00Z,ftp://ftp.ncbi.nlm.nih.gov/genomes/all/GCA/000/013/445/GCA_000013445.1_ASM1344v1,ftp://ftp.ncbi.nlm.nih.gov/genomes/all/GCF/000/013/445/GCF_000013445.1_ASM1344v1,
GCA_000178115.2,Ethanoligenens harbinense YUAN-3,97.32,0.34,Bacteria;Terrabacteria group;Firmicutes,d__Bacteria;p__Firmicutes_A;c__Clostridia;o__Oscillospirales;f__Ethanoligenenaceae;g__Ethanoligenens;s__Ethanoligenens harbinense,Firmicutes,Firmicutes,YUAN-3,SAMN00008641,PRJNA39729,JGI Isolate sequencing,NA,Isolate,GCA_000178115.2,Complete,3.00858,55.6,chromosome:NC_014828.1/CP002400.1,,1,2758,2010-12-27T00:00:00Z,ftp://ftp.ncbi.nlm.nih.gov/genomes/all/GCA/000/178/115/GCA_000178115.2_ASM17811v2,ftp://ftp.ncbi.nlm.nih.gov/genomes/all/GCF/000/178/115/GCF_000178115.2_ASM17811v2,
GCA_000179595.2,Hungateiclostridium cellulolyticum CD2,99.32,4.39,Bacteria;Terrabacteria group;Firmicutes,d__Bacteria;p__Firmicutes_A;c__Clostridia;o__Acetivibrionales;f__Acetivibrionaceae;g__Acetivibrio;s__Acetivibrio cellulolyticus,Firmicutes,Firmicutes,CD2,SAMN02256541,PRJNA45843,JGI Isolate sequencing,NA,Isolate,GCA_000179595.2,Scaffold,6.15674,35.5,,AEDB02,10,4791,2010-08-11T00:00:00Z,ftp://ftp.ncbi.nlm.nih.gov/genomes/all/GCA/000/179/595/GCA_000179595.2_ASM17959v2,ftp://ftp.ncbi.nlm.nih.gov/genomes/all/GCF/000/179/595/GCF_000179595.2_ASM17959v2,
GCA_000224515.2,Desulfosporosinus sp. OT,99.23,6.58,Bacteria;Terrabacteria group;Firmicutes,d__Bacteria;p__Firmicutes_B;c__Desulfitobacteriia;o__Desulfitobacteriales;f__Desulfitobacteriaceae;g__Desulfosporosinus;s__Desulfosporosinus sp000224515,Firmicutes,Firmicutes,OT,SAMN02471585,PRJNA61253,Isolate sequencing,Abicht et al. 2014,Isolate,GCA_000224515.2,Contig,5.70234,42.1,,AGAF01,282,5101,2011-08-26T00:00:00Z,ftp://ftp.ncbi.nlm.nih.gov/genomes/all/GCA/000/224/515/GCA_000224515.2_ASM22451v1,ftp://ftp.ncbi.nlm.nih.gov/genomes/all/GCF/000/224/515/GCF_000224515.1_ASM22451v1,
GCA_000243135.3,Desulfitobacterium dichloroeliminans LMG P-21439,97.96,1.36,Bacteria;Terrabacteria group;Firmicutes,d__Bacteria;p__Firmicutes_B;c__Desulfitobacteriia;o__Desulfitobacteriales;f__Desulfitobacteriaceae;g__Desulfitobacterium;s__Desulfitobacterium dichloroeliminans,Firmicutes,Firmicutes,LMG P-21439,SAMN02232012,PRJNA61519,JGI Isolate sequencing,NA,Isolate,GCA_000243135.3,Complete,3.62445,44.2,chromosome:NC_019903.1/CP003344.1,,1,3300,2012-12-19T00:00:00Z,ftp://ftp.ncbi.nlm.nih.gov/genomes/all/GCA/000/243/135/GCA_000243135.3_ASM24313v3,ftp://ftp.ncbi.nlm.nih.gov/genomes/all/GCF/000/243/135/GCF_000243135.2_ASM24313v3,
GCA_000243155.3,Desulfitobacterium dehalogenans ATCC 51507,98.72,3.98,Bacteria;Terrabacteria group;Firmicutes,d__Bacteria;p__Firmicutes_B;c__Desulfitobacteriia;o__Desulfitobacteriales;f__Desulfitobacteriaceae;g__Desulfitobacterium;s__Desulfitobacterium dehalogenans,Firmicutes,Firmicutes,ATCC 51507,SAMN02261389,PRJNA61181,Isolate sequencing,Kruse et al. 2015,Isolate,GCA_000243155.3,Complete,4.32175,45,chromosome:NC_018017.1/CP003348.1,,1,3974,2012-06-11T00:00:00Z,ftp://ftp.ncbi.nlm.nih.gov/genomes/all/GCA/000/243/155/GCA_000243155.3_ASM24315v3,ftp://ftp.ncbi.nlm.nih.gov/genomes/all/GCF/000/243/155/GCF_000243155.2_ASM24315v3,
GCA_000255115.3,Desulfosporosinus acidiphilus SJ4,99.49,2.41,Bacteria;Terrabacteria group;Firmicutes,d__Bacteria;p__Firmicutes_B;c__Desulfitobacteriia;o__Desulfitobacteriales;f__Desulfitobacteriaceae;g__Desulfosporosinus;s__Desulfosporosinus acidiphilus,Firmicutes,Firmicutes,SJ4,SAMN02232014,PRJNA61821,JGI Isolate sequencing,Pester et al. 2012,Isolate,GCA_000255115.3,Complete,4.99118,42.0694,chromosome:NC_018068.1/CP003639.1; plasmid pDESACI.01:NC_018066.1/CP003640.1; plasmid pDESACI.02:NC_018067.1/CP003641.1,,3,4403,2012-06-15T00:00:00Z,ftp://ftp.ncbi.nlm.nih.gov/genomes/all/GCA/000/255/115/GCA_000255115.3_ASM25511v3,ftp://ftp.ncbi.nlm.nih.gov/genomes/all/GCF/000/255/115/GCF_000255115.2_ASM25511v3,
GCA_000384015.1,Desulfitobacterium sp. PCE1,98.72,3.74,Bacteria;Terrabacteria group;Firmicutes,d__Bacteria;p__Firmicutes_B;c__Desulfitobacteriia;o__Desulfitobacteriales;f__Desulfitobacteriaceae;g__Desulfitobacterium;s__Desulfitobacterium dehalogenans,Firmicutes,Firmicutes,PCE1,SAMN02261278,PRJNA74961,JGI Isolate sequencing,NA,Isolate,GCA_000384015.1,Scaffold,4.22058,45,,AQZF01,1,3873,2013-04-22T00:00:00Z,ftp://ftp.ncbi.nlm.nih.gov/genomes/all/GCA/000/384/015/GCA_000384015.1_ASM38401v1,ftp://ftp.ncbi.nlm.nih.gov/genomes/all/GCF/000/384/015/GCF_000384015.1_ASM38401v1,
GCA_000512235.1,Syntrophorhabdus aromaticivorans UI,94.12,5.46,Bacteria;Proteobacteria;delta/epsilon subdivisions,d__Bacteria;p__Desulfobacterota;c__Syntrophorhabdia;o__Syntrophorhabdales;f__Syntrophorhabdaceae;g__Syntrophorhabdus;s__Syntrophorhabdus aromaticivorans,Deltaproteobacteria,Deltaproteobacteria,UI,SAMN02597160,PRJNA63195,JGI Isolate sequencing,Nobu et al. 2014,Isolate,GCA_000512235.1,Scaffold,3.75948,52,,AJUN01,3,3427,2013-12-30T00:00:00Z,ftp://ftp.ncbi.nlm.nih.gov/genomes/all/GCA/000/512/235/GCA_000512235.1_ASM51223v1,ftp://ftp.ncbi.nlm.nih.gov/genomes/all/GCF/000/512/235/GCF_000512235.1_ASM51223v1,
GCA_000521465.1,Hungateiclostridium straminisolvens JCM 21531,95.58,0.67,Bacteria;Terrabacteria group;Firmicutes,d__Bacteria;p__Firmicutes_A;c__Clostridia;o__Acetivibrionales;f__Acetivibrionaceae;g__Ruminiclostridium;s__Ruminiclostridium straminisolvens,Firmicutes,Firmicutes,JCM 21531,SAMD00000544,PRJDB821,Isolate sequencing,Yuki et al. 2014,Isolate,GCA_000521465.1,Contig,3.90712,38.3,,BAVR01,195,2298,2014-01-20T20:33:00Z,ftp://ftp.ncbi.nlm.nih.gov/genomes/all/GCA/000/521/465/GCA_000521465.1_ASM52146v1,ftp://ftp.ncbi.nlm.nih.gov/genomes/all/GCF/000/521/465/GCF_000521465.1_ASM52146v1,
GCA_000621505.1,Ruminiclostridium cellobioparum DSM 1351 = ATCC 15832,100,2.13,Bacteria;Terrabacteria group;Firmicutes,d__Bacteria;p__Firmicutes_A;c__Clostridia;o__Acetivibrionales;f__Acetivibrionaceae;g__Ruminiclostridium_A;s__Ruminiclostridium_A cellobioparum,Firmicutes,Firmicutes,ATCC 15832,SAMN02743992,PRJNA223036,JGI Isolate sequencing,NA,Isolate,GCA_000621505.1,Scaffold,6.13222,41.4,,JHYD01,80,5006,2014-04-08T00:00:00Z,ftp://ftp.ncbi.nlm.nih.gov/genomes/all/GCA/000/621/505/GCA_000621505.1_ASM62150v1,ftp://ftp.ncbi.nlm.nih.gov/genomes/all/GCF/000/621/505/GCF_000621505.1_ASM62150v1,
GCA_000770645.1,Desulfosporosinus sp. Tol-M,93.82,5.49,Bacteria;Terrabacteria group;Firmicutes,d__Bacteria;p__Firmicutes_B;c__Desulfitobacteriia;o__Desulfitobacteriales;f__Desulfitobacteriaceae;g__Desulfosporosinus;s__Desulfosporosinus sp000770645,Firmicutes,Firmicutes,,SAMN02991555,PRJNA258301,Isolate sequencing,Abu Laban et al. 2015,Isolate,GCA_000770645.1,Scaffold,3.0359,44.4,,JQID01,206,2561,2014-11-03T00:00:00Z,ftp://ftp.ncbi.nlm.nih.gov/genomes/all/GCA/000/770/645/GCA_000770645.1_ASM77064v1,ftp://ftp.ncbi.nlm.nih.gov/genomes/all/GCF/000/770/645/GCF_000770645.1_ASM77064v1,
GCA_000802135.1,Desulfosporosinus sp. BICA1-9,99.43,8.48,Bacteria;Terrabacteria group;Firmicutes,d__Bacteria;p__Firmicutes_B;c__Desulfitobacteriia;o__Desulfitobacteriales;f__Desulfitobacteriaceae;g__Desulfosporosinus;s__Desulfosporosinus sp000961805,Firmicutes,Firmicutes,BICA1-9,SAMN02953445,PRJNA257561,rock porewater metagenome, deep Subsurface,Subsurface,GCA_000802135.1,Contig,6.98715,42.8,,JUEE01,266,5942,2014-12-16T00:00:00Z,ftp://ftp.ncbi.nlm.nih.gov/genomes/all/GCA/000/802/135/GCA_000802135.1_ASM80213v1,ftp://ftp.ncbi.nlm.nih.gov/genomes/all/GCA/000/802/135/GCA_000802135.1_ASM80213v1,ftp://ftp.ncbi.nlm.nih.gov/genomes/all/GCF/000/802/135/GCF_000802135.1_ASM80213v1
GCA_001029285.1,Desulfosporosinus acididurans,99.43,2.11,Bacteria;Terrabacteria group;Firmicutes,d__Bacteria;p__Firmicutes_B;c__Desulfitobacteriia;o__Desulfitobacteriales;f__Desulfitobacteriaceae;g__Desulfosporosinus;s__Desulfosporosinus acididurans,Firmicutes,Firmicutes,M1,SAMN03754342,PRJNA285484,Isolate sequencing,Petzsch et al. 2015,Isolate,GCA_001029285.1,Contig,4.63787,41.8,,LDZY01,47,4183,2015-06-17T00:00:00Z,ftp://ftp.ncbi.nlm.nih.gov/genomes/all/GCA/001/029/285/GCA_001029285.1_ASM102928v1,ftp://ftp.ncbi.nlm.nih.gov/genomes/all/GCF/001/029/285/GCF_001029285.1_ASM102928v1,
GCA_001508375.1,Desulfotomaculum sp. 46_296,91.54,9.02,Bacteria;Terrabacteria group;Firmicutes,d__Bacteria;p__Firmicutes_B;c__Desulfotomaculia;o__Desulfotomaculales;f__Nap2-2B;g__46-80;s__46-80 sp003485325,Firmicutes,Firmicutes,46_296,SAMN03445153,PRJNA278302,terrestrial hydrocarbon reservoir metagenome,Hu et al. 2016,Hydrocarbon_Contaminated_Site,GCA_001508375.1,Contig,2.32814,45.8,,LGFZ01,136,2345,2016-01-08T00:00:00Z,ftp://ftp.ncbi.nlm.nih.gov/genomes/all/GCA/001/508/375/GCA_001508375.1_ASM150837v1,,
GCA_001508995.1,Desulfotomaculum sp. 46_80,83.49,2.53,Bacteria;Terrabacteria group;Firmicutes,d__Bacteria;p__Firmicutes_B;c__Desulfotomaculia;o__Desulfotomaculales;f__Nap2-2B;g__46-80;s__46-80 sp003513005,Firmicutes,Firmicutes,46_80,SAMN03445159,PRJNA278302,terrestrial hydrocarbon reservoir metagenome,Hu et al. 2016,Hydrocarbon_Contaminated_Site,GCA_001508995.1,Contig,2.25138,45.8,,LGGF01,107,2206,2016-01-08T00:00:00Z,ftp://ftp.ncbi.nlm.nih.gov/genomes/all/GCA/001/508/995/GCA_001508995.1_ASM150899v1,,
GCA_001604475.1,Synergistales bacterium Syner_03,100,2.37,Bacteria;Synergistetes;Synergistia,d__Bacteria;p__Synergistota;c__Synergistia;o__Synergistales;f__Synergistaceae;g__Syner-03;s__Syner-03 sp002306075,Synergistetes,Synergistetes,Syner_03,SAMN03837573,PRJNA284316,anaerobic digester metagenome,NA,Engineered,GCA_001604475.1,Scaffold,1.90923,52,,LVBQ01,218,0,2016-03-30T00:00:00Z,ftp://ftp.ncbi.nlm.nih.gov/genomes/all/GCA/001/604/475/GCA_001604475.1_ASM160447v1,,
GCA_001618385.1,Paludibacter jiangxiensis,100,0.54,Bacteria;FCB group;Bacteroidetes/Chlorobi group,d__Bacteria;p__Bacteroidota;c__Bacteroidia;o__Bacteroidales;f__Paludibacteraceae;g__Paludibacter_A;s__Paludibacter_A jiangxiensis,Bacteroidetes,Bacteroidetes,NM7,SAMD00049477,PRJDB4691,Isolate sequencing,Qui et al. 2014,Isolate,GCA_001618385.1,Contig,3.66488,42.9,,BDCR01,4,2879,2016-04-06T00:00:00Z,ftp://ftp.ncbi.nlm.nih.gov/genomes/all/GCA/001/618/385/GCA_001618385.1_ASM161838v1,ftp://ftp.ncbi.nlm.nih.gov/genomes/all/GCF/001/618/385/GCF_001618385.1_ASM161838v1,
GCA_001707885.1,Desulfosporosinus sp. BG,99.23,4.37,Bacteria;Terrabacteria group;Firmicutes,d__Bacteria;p__Firmicutes_B;c__Desulfitobacteriia;o__Desulfitobacteriales;f__Desulfitobacteriaceae;g__Desulfosporosinus;s__Desulfosporosinus sp001707885,Firmicutes,Firmicutes,BG,SAMN05356743,PRJNA327476,Isolate sequencing,NA,Isolate,GCA_001707885.1,Contig,4.52325,42.4,,MASS01,135,4081,2016-08-18T00:00:00Z,ftp://ftp.ncbi.nlm.nih.gov/genomes/all/GCA/001/707/885/GCA_001707885.1_ASM170788v1,ftp://ftp.ncbi.nlm.nih.gov/genomes/all/GCF/001/707/885/GCF_001707885.1_ASM170788v1,
GCA_001717745.1,Clostridium sp. Bc-iso-3,100,0.56,Bacteria;Terrabacteria group;Firmicutes,d__Bacteria;p__Firmicutes_A;c__Clostridia;o__Acetivibrionales;f__Acetivibrionaceae;g__Ruminiclostridium;s__Ruminiclostridium sp001717745,Firmicutes,Firmicutes,Bc-iso-3,SAMN04966136,PRJNA321112,Isolate sequencing,NA,Isolate,GCA_001717745.1,Contig,4.32714,38.2,,LXSB01,4,3521,2016-08-31T00:00:00Z,ftp://ftp.ncbi.nlm.nih.gov/genomes/all/GCA/001/717/745/GCA_001717745.1_ASM171774v1,ftp://ftp.ncbi.nlm.nih.gov/genomes/all/GCF/001/717/745/GCF_001717745.1_ASM171774v1,
GCA_001768155.1,Bacteroidetes bacterium GWA2_30_7,77.6,2.97,Bacteria;FCB group;Bacteroidetes/Chlorobi group,d__Bacteria;p__Bacteroidota;c__Bacteroidia;o__Bacteroidales;f__GWF2-33-38;g__GWA2-31-9;s__GWA2-31-9 sp001768155,Bacteroidetes,Bacteroidetes,,SAMN04314167,PRJNA288027,Subsurface,Anantharaman et al. 2016,Subsurface,GCA_001768155.1,Scaffold,4.12395,30,,MENC01,308,2756,2016-10-18T00:00:00Z,ftp://ftp.ncbi.nlm.nih.gov/genomes/all/GCA/001/768/155/GCA_001768155.1_ASM176815v1,,
GCA_001771415.1,candidate division WOR-1 bacterium RIFOXYA12_FULL_43_27,88.46,0.85,Bacteria;Terrabacteria group;Cyanobacteria/Melainabacteria group,d__Bacteria;p__Margulisbacteria;c__WOR-1;o__XYC2-FULL-46-14;f__XYC2-FULL-46-14;g__XYC2-FULL-46-14;s__XYC2-FULL-46-14 sp001771585,WOR3,Other,,SAMN04314397,PRJNA288027,Subsurface,Anantharaman et al. 2016,Subsurface,GCA_001771415.1,Scaffold,1.72198,46.3,,METS01,9,1677,2016-10-18T00:00:00Z,ftp://ftp.ncbi.nlm.nih.gov/genomes/all/GCA/001/771/415/GCA_001771415.1_ASM177141v1,,
GCA_001794965.1,Chloroflexi bacterium GWD2_49_16,99.09,0.91,Bacteria;Terrabacteria group;Chloroflexi,d__Bacteria;p__Chloroflexota;c__Anaerolineae;o__Anaerolineales;f__envOPS12;g__UBA12087;s__UBA12087 sp001796335,Chloroflexi,Chloroflexi,,SAMN04313848,PRJNA288027,Subsurface,Anantharaman et al. 2016,Subsurface,GCA_001794965.1,Scaffold,3.36879,48.3,,MGMK01,31,3029,2016-10-20T00:00:00Z,ftp://ftp.ncbi.nlm.nih.gov/genomes/all/GCA/001/794/965/GCA_001794965.1_ASM179496v1,,
GCA_001795575.1,Deltaproteobacteria bacterium GWB2_65_81,92.44,1.68,Bacteria;Proteobacteria;delta/epsilon subdivisions,d__Bacteria;p__MBNT15;c__MBNT15;o__MBNT15;f__MBNT15;g__CG2-30-66-27;s__CG2-30-66-27 sp001797445,Deltaproteobacteria,Deltaproteobacteria,,SAMN04313912,PRJNA288027,Subsurface,Anantharaman et al. 2016,Subsurface,GCA_001795575.1,Scaffold,2.34224,66,,MGPR01,82,2165,2016-10-20T00:00:00Z,ftp://ftp.ncbi.nlm.nih.gov/genomes/all/GCA/001/795/575/GCA_001795575.1_ASM179557v1,,
GCA_001796335.1,Chloroflexi bacterium GWB2_49_20,99.09,0.91,Bacteria;Terrabacteria group;Chloroflexi,d__Bacteria;p__Chloroflexota;c__Anaerolineae;o__Anaerolineales;f__envOPS12;g__UBA12087;s__UBA12087 sp001796335,Chloroflexi,Chloroflexi,,SAMN04313846,PRJNA288027,Subsurface,Anantharaman et al. 2016,Subsurface,GCA_001796335.1,Scaffold,3.37489,48.3,,MGMF01,28,3038,2016-10-20T00:00:00Z,ftp://ftp.ncbi.nlm.nih.gov/genomes/all/GCA/001/796/335/GCA_001796335.1_ASM179633v1,,
GCA_001796365.1,Chloroflexi bacterium GWC2_49_37,99.09,0.91,Bacteria;Terrabacteria group;Chloroflexi,d__Bacteria;p__Chloroflexota;c__Anaerolineae;o__Anaerolineales;f__envOPS12;g__UBA12087;s__UBA12087 sp001796335,Chloroflexi,Chloroflexi,,SAMN04313847,PRJNA288027,Subsurface,Anantharaman et al. 2016,Subsurface,GCA_001796365.1,Scaffold,3.40629,48.2,,MGMH01,35,3070,2016-10-20T00:00:00Z,ftp://ftp.ncbi.nlm.nih.gov/genomes/all/GCA/001/796/365/GCA_001796365.1_ASM179636v1,,
GCA_001800235.1,Elusimicrobia bacterium RIFOXYA12_FULL_49_49,96.56,0,Bacteria;Elusimicrobia;unclassified Elusimicrobia,d__Bacteria;p__Elusimicrobiota;c__Endomicrobia;o__Endomicrobiales;f__XYA2-FULL-47-53;g__XYA2-FULL-47-53;s__XYA2-FULL-47-53 sp001800315,Elusimicrobia,Elusimicrobia,,SAMN04314399,PRJNA288027,Subsurface,Anantharaman et al. 2016,Subsurface,GCA_001800235.1,Scaffold,2.28179,47.9,,MGUZ01,22,1836,2016-10-20T00:00:00Z,ftp://ftp.ncbi.nlm.nih.gov/genomes/all/GCA/001/800/235/GCA_001800235.1_ASM180023v1,,
GCA_001800315.1,Elusimicrobia bacterium RIFOXYA2_FULL_47_53,96.56,0,Bacteria;Elusimicrobia;unclassified Elusimicrobia,d__Bacteria;p__Elusimicrobiota;c__Endomicrobia;o__Endomicrobiales;f__XYA2-FULL-47-53;g__XYA2-FULL-47-53;s__XYA2-FULL-47-53 sp001800315,Elusimicrobia,Elusimicrobia,,SAMN04314372,PRJNA288027,Subsurface,Anantharaman et al. 2016,Subsurface,GCA_001800315.1,Scaffold,2.41353,47.8,,MGVE01,20,1949,2016-10-20T00:00:00Z,ftp://ftp.ncbi.nlm.nih.gov/genomes/all/GCA/001/800/315/GCA_001800315.1_ASM180031v1,,
GCA_001800325.1,Elusimicrobia bacterium RIFOXYA2_FULL_40_6,50.53,2.25,Bacteria;Elusimicrobia;unclassified Elusimicrobia,d__Bacteria;p__Elusimicrobiota;c__Endomicrobia;o__CG1-02-37-114;f__XYA2-FULL-39-19;g__OXYB2-FULL-48-7;s__,Elusimicrobia,Elusimicrobia,,SAMN04316171,PRJNA288027,Subsurface,Anantharaman et al. 2016,Subsurface,GCA_001800325.1,Scaffold,1.92937,40.1,,MGVD01,194,1394,2016-10-20T00:00:00Z,ftp://ftp.ncbi.nlm.nih.gov/genomes/all/GCA/001/800/325/GCA_001800325.1_ASM180032v1,,
GCA_001800425.1,Elusimicrobia bacterium RIFOXYB1_FULL_48_9,75.71,0.2,Bacteria;Elusimicrobia;unclassified Elusimicrobia,d__Bacteria;p__Elusimicrobiota;c__Endomicrobia;o__Endomicrobiales;f__XYA2-FULL-47-53;g__XYA2-FULL-47-53;s__XYA2-FULL-47-53 sp001800315,Elusimicrobia,Elusimicrobia,,SAMN04314507,PRJNA288027,Subsurface,Anantharaman et al. 2016,Subsurface,GCA_001800425.1,Scaffold,1.84177,47.3,,MGVJ01,133,1355,2016-10-20T00:00:00Z,ftp://ftp.ncbi.nlm.nih.gov/genomes/all/GCA/001/800/425/GCA_001800425.1_ASM180042v1,,
GCA_001800455.1,Elusimicrobia bacterium RIFOXYB12_FULL_50_12,82.74,0,Bacteria;Elusimicrobia;unclassified Elusimicrobia,d__Bacteria;p__Elusimicrobiota;c__Endomicrobia;o__Endomicrobiales;f__XYA2-FULL-47-53;g__XYA2-FULL-47-53;s__XYA2-FULL-47-53 sp001800315,Elusimicrobia,Elusimicrobia,,SAMN04314460,PRJNA288027,Subsurface,Anantharaman et al. 2016,Subsurface,GCA_001800455.1,Scaffold,1.94695,48.4,,MGVK01,30,1570,2016-10-20T00:00:00Z,ftp://ftp.ncbi.nlm.nih.gov/genomes/all/GCA/001/800/455/GCA_001800455.1_ASM180045v1,,
GCA_001800475.1,Elusimicrobia bacterium RIFOXYB2_FULL_46_23,96.56,0,Bacteria;Elusimicrobia;unclassified Elusimicrobia,d__Bacteria;p__Elusimicrobiota;c__Endomicrobia;o__Endomicrobiales;f__XYA2-FULL-47-53;g__XYA2-FULL-47-53;s__XYA2-FULL-47-53 sp001800315,Elusimicrobia,Elusimicrobia,,SAMN04314444,PRJNA288027,Subsurface,Anantharaman et al. 2016,Subsurface,GCA_001800475.1,Scaffold,2.39845,47.8,,MGVL01,26,1933,2016-10-20T00:00:00Z,ftp://ftp.ncbi.nlm.nih.gov/genomes/all/GCA/001/800/475/GCA_001800475.1_ASM180047v1,,
GCA_001802135.1,Geobacteraceae bacterium GWC2_58_44,95.32,7.37,Bacteria;Proteobacteria;delta/epsilon subdivisions,d__Bacteria;p__Desulfuromonadota;c__Desulfuromonadia;o__Geobacterales;f__Geobacteraceae;g__Geobacter_A;s__Geobacter_A sp003499925,Deltaproteobacteria,Deltaproteobacteria,,SAMN04314196,PRJNA288027,Subsurface,Anantharaman et al. 2016,Subsurface,GCA_001802135.1,Scaffold,6.22361,59.9,,MGZL01,147,4902,2016-10-20T00:00:00Z,ftp://ftp.ncbi.nlm.nih.gov/genomes/all/GCA/001/802/135/GCA_001802135.1_ASM180213v1,,
GCA_001804885.1,Lentisphaerae bacterium RIFOXYA12_FULL_48_11,89.41,2.7,Bacteria;PVC group;Lentisphaerae,d__Bacteria;p__Verrucomicrobiota;c__Kiritimatiellae;o__UBA8416;f__YA12-FULL-48-11;g__YA12-FULL-48-11;s__YA12-FULL-48-11 sp001804885,PVC;Lentisphaerae,PVC,,SAMN04314404,PRJNA288027,Subsurface,Anantharaman et al. 2016,Subsurface,GCA_001804885.1,Scaffold,5.67889,47.9,,MHBM01,314,4357,2016-10-20T00:00:00Z,ftp://ftp.ncbi.nlm.nih.gov/genomes/all/GCA/001/804/885/GCA_001804885.1_ASM180488v1,,
GCA_001829165.1,Spirochaetes bacterium GWB1_59_5,82.38,8.25,Bacteria;Spirochaetes;unclassified Spirochaetes,d__Bacteria;p__Spirochaetota;c__Spirochaetia;o__Treponematales;f__UBA12059;g__SZUA-370;s__,Spirochaetes,Spirochaetes,,SAMN04313959,PRJNA288027,Subsurface,Anantharaman et al. 2016,Subsurface,GCA_001829165.1,Scaffold,4.9593,58.2,,MIAQ01,373,4234,2016-10-21T00:00:00Z,ftp://ftp.ncbi.nlm.nih.gov/genomes/all/GCA/001/829/165/GCA_001829165.1_ASM182916v1,,
GCA_001897035.1,Bacteroidales bacterium 45-6,87.29,2.2,Bacteria;FCB group;Bacteroidetes/Chlorobi group,d__Bacteria;p__Bacteroidota;c__Bacteroidia;o__Bacteroidales;f__Dysgonomonadaceae;g__UBA1309;s__UBA1309 sp001897035,Bacteroidetes,Bacteroidetes,45-6,SAMN05660509,PRJNA279279,bioreactor metagenome,Kantor et al. 2015,Engineered,GCA_001897035.1,Scaffold,3.81815,45,,MKRS01,899,2663,2016-12-09T00:00:00Z,ftp://ftp.ncbi.nlm.nih.gov/genomes/all/GCA/001/897/035/GCA_001897035.1_ASM189703v1,,
GCA_001902295.1,Clostridium kluyveri,99.31,2.07,Bacteria;Terrabacteria group;Firmicutes,d__Bacteria;p__Firmicutes_A;c__Clostridia;o__Clostridiales;f__Clostridiaceae;g__Clostridium_B;s__Clostridium_B kluyveri,Firmicutes,Firmicutes,JZZ,SAMN06094710,PRJNA355892,Isolate sequencing,NA,Isolate,GCA_001902295.1,Complete,4.51293,31.6143,chromosome:NZ_CP018335.1/CP018335.1; plasmid unnamed:NZ_CP018336.1/CP018336.1,,2,4141,2016-12-13T00:00:00Z,ftp://ftp.ncbi.nlm.nih.gov/genomes/all/GCA/001/902/295/GCA_001902295.1_ASM190229v1,ftp://ftp.ncbi.nlm.nih.gov/genomes/all/GCF/001/902/295/GCF_001902295.1_ASM190229v1,
GCA_002051585.1,Ruminiclostridium hungatei,99.33,1.68,Bacteria;Terrabacteria group;Firmicutes,d__Bacteria;p__Firmicutes_A;c__Clostridia;o__Acetivibrionales;f__Acetivibrionaceae;g__Ruminiclostridium_A;s__Ruminiclostridium_A hungatei,Firmicutes,Firmicutes,DSM 14427,SAMN06461358,PRJNA376698,Isolate sequencing,NA,Isolate,GCA_002051585.1,Contig,4.90105,42.3,,MZGX01,100,4107,2017-03-21T00:00:00Z,ftp://ftp.ncbi.nlm.nih.gov/genomes/all/GCA/002/051/585/GCA_002051585.1_ASM205158v1,ftp://ftp.ncbi.nlm.nih.gov/genomes/all/GCF/002/051/585/GCF_002051585.1_ASM205158v1,
GCA_002067585.1,Syntrophorhabdus sp. PtaB.Bin027,89.03,2.94,Bacteria;Proteobacteria;delta/epsilon subdivisions,d__Bacteria;p__Desulfobacterota;c__Syntrophorhabdia;o__Syntrophorhabdales;f__Syntrophorhabdaceae;g__Syntrophorhabdus;s__,Deltaproteobacteria,Deltaproteobacteria,PtaB.Bin027,SAMN04534963,PRJNA310790,sludge wastewater metagenome,Nobu et al. 2017,Engineered,GCA_002067585.1,Contig,3.07402,43.8,,MVQO01,237,2970,2017-03-22T00:00:00Z,ftp://ftp.ncbi.nlm.nih.gov/genomes/all/GCA/002/067/585/GCA_002067585.1_ASM206758v1,,
GCA_002196785.1,Desulfosporosinus sp. FKA,99.94,3.49,Bacteria;Terrabacteria group;Firmicutes,d__Bacteria;p__Firmicutes_B;c__Desulfitobacteriia;o__Desulfitobacteriales;f__Desulfitobacteriaceae;g__Desulfosporosinus;s__Desulfosporosinus acididurans,Firmicutes,Firmicutes,FKA,SAMN06610394,PRJNA379503,Isolate sequencing,NA,Isolate,GCA_002196785.1,Contig,4.89109,41.6,,NAHZ01,34,4480,2017-06-16T00:00:00Z,ftp://ftp.ncbi.nlm.nih.gov/genomes/all/GCA/002/196/785/GCA_002196785.1_ASM219678v1,ftp://ftp.ncbi.nlm.nih.gov/genomes/all/GCF/002/196/785/GCF_002196785.1_ASM219678v1,
GCA_002202365.1,Clostridium sp. link-BC1,99.33,0.56,Bacteria;Terrabacteria group;Firmicutes,d__Bacteria;p__Firmicutes_A;c__Clostridia;o__Acetivibrionales;f__Acetivibrionaceae;g__Ruminiclostridium;s__Ruminiclostridium sp001717745,Firmicutes,Firmicutes,link-BC1,SAMN04482601,PRJNA311502,Isolate sequencing,NA,Isolate,GCA_002202365.1,Contig,4.2021,38.2,,LSMZ01,192,3276,2017-06-20T00:00:00Z,ftp://ftp.ncbi.nlm.nih.gov/genomes/all/GCA/002/202/365/GCA_002202365.1_ASM220236v1,ftp://ftp.ncbi.nlm.nih.gov/genomes/all/GCF/002/202/365/GCF_002202365.1_ASM220236v1,
GCA_002292015.1,Firmicutes bacterium UBA993,81.81,0.99,Bacteria;Terrabacteria group;Firmicutes,d__Bacteria;p__Firmicutes_D;c__Dethiobacteria;o__DTU022;f__DTU022;g__UBA993;s__UBA993 sp002292015,Firmicutes,Firmicutes,UBA993,SAMN06452151,PRJNA348753,Parks 2017 UBA reassembly,Serpentinizing microbial ecosystems Metagenome,Hydrocarbon_Contaminated_Site,GCA_002292015.1,Scaffold,1.92263,49.2,,DBBD01,163,0,2017-09-12T00:00:00Z,ftp://ftp.ncbi.nlm.nih.gov/genomes/all/GCA/002/292/015/GCA_002292015.1_ASM229201v1,,
GCA_002294405.1,Anaerolineales bacterium UBA877,55.15,0,Bacteria;Terrabacteria group;Chloroflexi,d__Bacteria;p__Chloroflexota;c__Anaerolineae;o__Anaerolineales;f__envOPS12;g__UBA877;s__UBA877 sp002294405,Chloroflexi,Chloroflexi,UBA877,SAMN06455323,PRJNA348753,Parks 2017 UBA reassembly,Shotgun metagenomics reveals a wide array of antibiotic resistance genes and mobile elements in a polluted lake in India,Freshwater,GCA_002294405.1,Scaffold,1.44491,49.8,,DBFP01,57,0,2017-09-12T00:00:00Z,ftp://ftp.ncbi.nlm.nih.gov/genomes/all/GCA/002/294/405/GCA_002294405.1_ASM229440v1,,
GCA_002304835.1,Firmicutes bacterium UBA1422,83.6,0,Bacteria;Terrabacteria group;Firmicutes,d__Bacteria;p__Firmicutes_A;c__Clostridia;o__Peptostreptococcales;f__Anaerovoracaceae;g__UBA1422;s__UBA1422 sp002304835,Firmicutes,Firmicutes,UBA1422,SAMN06456898,PRJNA348753,Parks 2017 UBA reassembly,Metagenomic study of the microbial genes abundance in treated palm oil mill effluent,Engineered,GCA_002304835.1,Scaffold,1.45589,42.4,,DBPK01,30,0,2017-09-15T00:00:00Z,ftp://ftp.ncbi.nlm.nih.gov/genomes/all/GCA/002/304/835/GCA_002304835.1_ASM230483v1,,
GCA_002305765.1,Deltaproteobacteria bacterium UBA1386,88.17,2.9,Bacteria;Proteobacteria;delta/epsilon subdivisions,d__Bacteria;p__Desulfobacterota;c__Syntrophorhabdia;o__Syntrophorhabdales;f__Syntrophorhabdaceae;g__Delta-02;s__Delta-02 sp002305765,Deltaproteobacteria,Deltaproteobacteria,UBA1386,SAMN06456171,PRJNA348753,Parks 2017 UBA reassembly,Metagenomic study of the microbial genes abundance in treated palm oil mill effluent,Engineered,GCA_002305765.1,Scaffold,3.56852,57.6,,DBQU01,121,0,2017-09-15T00:00:00Z,ftp://ftp.ncbi.nlm.nih.gov/genomes/all/GCA/002/305/765/GCA_002305765.1_ASM230576v1,,
GCA_002319915.1,Bacteroidales bacterium UBA1800,93.47,2.16,Bacteria;FCB group;Bacteroidetes/Chlorobi group,d__Bacteria;p__Bacteroidota;c__Bacteroidia;o__Bacteroidales;f__vadinHA17;g__LD21;s__LD21 sp002319915,Bacteroidetes,Bacteroidetes,UBA1800,SAMN06453210,PRJNA348753,Parks 2017 UBA reassembly,Wetlands Surface Sediment Feb2011 Site B1 Cattail Project,Marine,GCA_002319915.1,Scaffold,3.77446,48.2,,DCFQ01,113,0,2017-09-21T00:00:00Z,ftp://ftp.ncbi.nlm.nih.gov/genomes/all/GCA/002/319/915/GCA_002319915.1_ASM231991v1,,
GCA_002347465.1,Geobacter sp. UBA2265,84.6,3.23,Bacteria;Proteobacteria;delta/epsilon subdivisions,d__Bacteria;p__Desulfuromonadota;c__Desulfuromonadia;o__Geobacterales;f__Geobacteraceae;g__UBA4078;s__UBA4078 sp002419385,Deltaproteobacteria,Deltaproteobacteria,UBA2265,SAMN06452447,PRJNA348753,Parks 2017 UBA reassembly,Hydrocarbon Metagenome,Hydrocarbon_Contaminated_Site,GCA_002347465.1,Scaffold,3.31035,56.6,,DDXH01,256,0,2017-09-22T00:00:00Z,ftp://ftp.ncbi.nlm.nih.gov/genomes/all/GCA/002/347/465/GCA_002347465.1_ASM234746v1,,
GCA_002375855.1,Clostridiales bacterium UBA3578,98.32,1.34,Bacteria;Terrabacteria group;Firmicutes,d__Bacteria;p__Firmicutes_A;c__Clostridia;o__Acetivibrionales;f__Acetivibrionaceae;g__Ruminiclostridium;s__Ruminiclostridium straminisolvens,Firmicutes,Firmicutes,UBA3578,SAMN06455813,PRJNA348753,Parks 2017 UBA reassembly,F1RT Metagenome,Sediment,GCA_002375855.1,Scaffold,3.80248,38.3,,DFNB01,89,0,2017-09-27T00:00:00Z,ftp://ftp.ncbi.nlm.nih.gov/genomes/all/GCA/002/375/855/GCA_002375855.1_ASM237585v1,,
GCA_002376665.1,Hungateiclostridiaceae bacterium UBA3548,88.65,1.45,Bacteria;Terrabacteria group;Firmicutes,d__Bacteria;p__Firmicutes_A;c__Clostridia;o__Acetivibrionales;f__Acetivibrionaceae;g__Ruminiclostridium_A;s__Ruminiclostridium_A cellobioparum,Firmicutes,Firmicutes,UBA3548,SAMN06451064,PRJNA348753,Parks 2017 UBA reassembly,New York City MTA subway samples Metagenome,Built_Environment,GCA_002376665.1,Scaffold,5.50524,41.1,,DFOF01,234,0,2017-09-27T00:00:00Z,ftp://ftp.ncbi.nlm.nih.gov/genomes/all/GCA/002/376/665/GCA_002376665.1_ASM237666v1,,
GCA_002380735.1,Anaerolineales bacterium UBA4142,85.12,3.04,Bacteria;Terrabacteria group;Chloroflexi,d__Bacteria;p__Chloroflexota;c__Anaerolineae;o__UBA4142;f__UBA4142;g__UBA4142;s__UBA4142 sp002400365,Chloroflexi,Chloroflexi,UBA4142,SAMN06451471,PRJNA348753,Parks 2017 UBA reassembly,Bangladesh Surface and Ground Water Metagenomes,Subsurface,GCA_002380735.1,Scaffold,3.84056,60,,DFWE01,394,0,2017-09-27T00:00:00Z,ftp://ftp.ncbi.nlm.nih.gov/genomes/all/GCA/002/380/735/GCA_002380735.1_ASM238073v1,,
GCA_002380925.1,Bacteroidales bacterium UBA4133,68.19,2.14,Bacteria;FCB group;Bacteroidetes/Chlorobi group,d__Bacteria;p__Bacteroidota;c__Bacteroidia;o__Bacteroidales;f__UBA5072;g__UBA5072;s__UBA5072 sp002415855,Bacteroidetes,Bacteroidetes,UBA4133,SAMN06453742,PRJNA348753,Parks 2017 UBA reassembly,Wetlands Surface Sediment Feb2011 Site A1 Bulk Project,Wetlands,GCA_002380925.1,Scaffold,2.84302,45.7,,DFWN01,210,0,2017-09-27T00:00:00Z,ftp://ftp.ncbi.nlm.nih.gov/genomes/all/GCA/002/380/925/GCA_002380925.1_ASM238092v1,,
GCA_002381185.1,Firmicutes bacterium UBA3553,97.67,3.15,Bacteria;Terrabacteria group;Firmicutes,d__Bacteria;p__Firmicutes_A;c__Clostridia;o__Tissierellales;f__Sedimentibacteraceae;g__Sedimentibacter;s__Sedimentibacter sp002381185,Firmicutes,Firmicutes,UBA3553,SAMN06452311,PRJNA348753,Parks 2017 UBA reassembly,New York City MTA subway samples Metagenome,Built_Environment,GCA_002381185.1,Scaffold,4.31986,35.4,,DFOA01,70,0,2017-09-27T00:00:00Z,ftp://ftp.ncbi.nlm.nih.gov/genomes/all/GCA/002/381/185/GCA_002381185.1_ASM238118v1,,
GCA_002381895.1,Geobacter sp. UBA4078,94.37,6.45,Bacteria;Proteobacteria;delta/epsilon subdivisions,d__Bacteria;p__Desulfuromonadota;c__Desulfuromonadia;o__Geobacterales;f__Geobacteraceae;g__UBA4078;s__UBA4078 sp002419385,Deltaproteobacteria,Deltaproteobacteria,UBA4078,SAMN06452287,PRJNA348753,Parks 2017 UBA reassembly,Hydrocarbon Metagenome,Hydrocarbon_Contaminated_Site,GCA_002381895.1,Scaffold,3.4883,56.5,,DFYQ01,138,0,2017-09-27T00:00:00Z,ftp://ftp.ncbi.nlm.nih.gov/genomes/all/GCA/002/381/895/GCA_002381895.1_ASM238189v1,,
GCA_002382785.1,Desulfosporosinus sp. UBA4048,90.14,1.32,Bacteria;Terrabacteria group;Firmicutes,d__Bacteria;p__Firmicutes_B;c__Desulfitobacteriia;o__Desulfitobacteriales;f__Desulfitobacteriaceae;g__Desulfosporosinus;s__Desulfosporosinus sp000770645,Firmicutes,Firmicutes,UBA4048,SAMN06457345,PRJNA348753,Parks 2017 UBA reassembly,Hydrocarbon Metagenome,Hydrocarbon_Contaminated_Site,GCA_002382785.1,Scaffold,2.48628,44,,DFZU01,56,0,2017-09-27T00:00:00Z,ftp://ftp.ncbi.nlm.nih.gov/genomes/all/GCA/002/382/785/GCA_002382785.1_ASM238278v1,,
GCA_002386685.1,Firmicutes bacterium UBA4599,98.37,3.85,Bacteria;Terrabacteria group;Firmicutes,d__Bacteria;p__Firmicutes_A;c__Clostridia;o__Tissierellales;f__Sedimentibacteraceae;g__Sedimentibacter;s__Sedimentibacter sp002381185,Firmicutes,Firmicutes,UBA4599,SAMN06452779,PRJNA348753,Parks 2017 UBA reassembly,New York City MTA subway samples Metagenome,Built_Environment,GCA_002386685.1,Scaffold,4.16818,35.5,,DGJJ01,46,0,2017-09-28T00:00:00Z,ftp://ftp.ncbi.nlm.nih.gov/genomes/all/GCA/002/386/685/GCA_002386685.1_ASM238668v1,,
GCA_002397955.1,Synergistaceae bacterium UBA4921,96.61,1.69,Bacteria;Synergistetes;Synergistia,d__Bacteria;p__Synergistota;c__Synergistia;o__Synergistales;f__Synergistaceae;g__Syner-03;s__Syner-03 sp002316795,Synergistetes,Synergistetes,UBA4921,SAMN06457722,PRJNA348753,Parks 2017 UBA reassembly,Pit mud of Chinese liqour fermentation reactorMetagenome,Sediment,GCA_002397955.1,Scaffold,1.83181,49.8,,DHBT01,66,0,2017-09-28T00:00:00Z,ftp://ftp.ncbi.nlm.nih.gov/genomes/all/GCA/002/397/955/GCA_002397955.1_ASM239795v1,,
GCA_002398325.1,Syntrophomonas sp. UBA4894,83.8,2.7,Bacteria;Terrabacteria group;Firmicutes,d__Bacteria;p__Firmicutes_B;c__Syntrophomonadia;o__Syntrophomonadales;f__Syntrophomonadaceae;g__UBA4851;s__UBA4851 sp002408445,Firmicutes,Firmicutes,UBA4894,SAMN06455968,PRJNA348753,Parks 2017 UBA reassembly,Pit mud of Chinese liqour fermentation reactorMetagenome,Sediment,GCA_002398325.1,Scaffold,3.38373,43.9,,DHCU01,207,0,2017-09-28T00:00:00Z,ftp://ftp.ncbi.nlm.nih.gov/genomes/all/GCA/002/398/325/GCA_002398325.1_ASM239832v1,,
GCA_002399315.1,Syntrophomonas sp. UBA4878,77.37,2.87,Bacteria;Terrabacteria group;Firmicutes,d__Bacteria;p__Firmicutes_B;c__Syntrophomonadia;o__Syntrophomonadales;f__Syntrophomonadaceae;g__UBA4851;s__UBA4851 sp002408445,Firmicutes,Firmicutes,UBA4878,SAMN06456583,PRJNA348753,Parks 2017 UBA reassembly,Pit mud of Chinese liqour fermentation reactorMetagenome,Sediment,GCA_002399315.1,Scaffold,2.87956,44.1,,DHDK01,153,0,2017-09-28T00:00:00Z,ftp://ftp.ncbi.nlm.nih.gov/genomes/all/GCA/002/399/315/GCA_002399315.1_ASM239931v1,,
GCA_002408285.1,Peptococcaceae bacterium UBA5318,96.16,6.23,Bacteria;Terrabacteria group;Firmicutes,d__Bacteria;p__Firmicutes_B;c__Peptococcia;o__DRI-13;f__DRI-13;g__UBA5318;s__UBA5318 sp002408285,Firmicutes,Firmicutes,UBA5318,SAMN06453313,PRJNA348753,Parks 2017 UBA reassembly,Pit mud of Chinese liqour fermentation reactorMetagenome,Sediment,GCA_002408285.1,Scaffold,2.7171,46.7,,DHRG01,69,0,2017-10-03T00:00:00Z,ftp://ftp.ncbi.nlm.nih.gov/genomes/all/GCA/002/408/285/GCA_002408285.1_ASM240828v1,,
GCA_002408685.1,Synergistaceae bacterium UBA5258,88.81,0,Bacteria;Synergistetes;Synergistia,d__Bacteria;p__Synergistota;c__Synergistia;o__Synergistales;f__Synergistaceae;g__Syner-03;s__Syner-03 sp002316795,Synergistetes,Synergistetes,UBA5258,SAMN06451021,PRJNA348753,Parks 2017 UBA reassembly,Pit mud of Chinese liqour fermentation reactorMetagenome,Sediment,GCA_002408685.1,Scaffold,1.77715,48.6,,DHTO01,111,0,2017-10-03T00:00:00Z,ftp://ftp.ncbi.nlm.nih.gov/genomes/all/GCA/002/408/685/GCA_002408685.1_ASM240868v1,,
GCA_002410865.1,Syntrophomonas sp. UBA5380,75.92,2,Bacteria;Terrabacteria group;Firmicutes,d__Bacteria;p__Firmicutes_B;c__Syntrophomonadia;o__Syntrophomonadales;f__Syntrophomonadaceae;g__UBA4851;s__UBA4851 sp002408445,Firmicutes,Firmicutes,UBA5380,SAMN06457191,PRJNA348753,Parks 2017 UBA reassembly,Pit mud of Chinese liqour fermentation reactorMetagenome,Sediment,GCA_002410865.1,Scaffold,2.95099,43.7,,DHOW01,208,0,2017-10-03T00:00:00Z,ftp://ftp.ncbi.nlm.nih.gov/genomes/all/GCA/002/410/865/GCA_002410865.1_ASM241086v1,,
GCA_002415855.1,Bacteroidales bacterium UBA5072,93.47,3.84,Bacteria;FCB group;Bacteroidetes/Chlorobi group,d__Bacteria;p__Bacteroidota;c__Bacteroidia;o__Bacteroidales;f__UBA5072;g__UBA5072;s__UBA5072 sp002415855,Bacteroidetes,Bacteroidetes,UBA5072,SAMN06454972,PRJNA348753,Parks 2017 UBA reassembly,Wetlands Surface Sediment Feb2011 Site A1 Bulk Project,Wetlands,GCA_002415855.1,Scaffold,4.5087,44.8,,DIAS01,195,0,2017-10-03T00:00:00Z,ftp://ftp.ncbi.nlm.nih.gov/genomes/all/GCA/002/415/855/GCA_002415855.1_ASM241585v1,,
GCA_002418585.1,Desulfosporosinus sp. UBA5775,84.28,2.73,Bacteria;Terrabacteria group;Firmicutes,d__Bacteria;p__Firmicutes_B;c__Desulfitobacteriia;o__Desulfitobacteriales;f__Desulfitobacteriaceae;g__Desulfosporosinus;s__Desulfosporosinus sp000770645,Firmicutes,Firmicutes,UBA5775,SAMN06455691,PRJNA348753,Parks 2017 UBA reassembly,Hydrocarbon Metagenome,Hydrocarbon_Contaminated_Site,GCA_002418585.1,Scaffold,2.5464,44.2,,DIEL01,234,0,2017-10-03T00:00:00Z,ftp://ftp.ncbi.nlm.nih.gov/genomes/all/GCA/002/418/585/GCA_002418585.1_ASM241858v1,,
GCA_002419385.1,Geobacter sp. UBA5735,84.19,1.94,Bacteria;Proteobacteria;delta/epsilon subdivisions,d__Bacteria;p__Desulfuromonadota;c__Desulfuromonadia;o__Geobacterales;f__Geobacteraceae;g__UBA4078;s__UBA4078 sp002419385,Deltaproteobacteria,Deltaproteobacteria,UBA5735,SAMN06453308,PRJNA348753,Parks 2017 UBA reassembly,Hydrocarbon Metagenome,Hydrocarbon_Contaminated_Site,GCA_002419385.1,Scaffold,3.07768,57,,DIFZ01,70,0,2017-10-03T00:00:00Z,ftp://ftp.ncbi.nlm.nih.gov/genomes/all/GCA/002/419/385/GCA_002419385.1_ASM241938v1,,
GCA_002423765.1,Firmicutes bacterium UBA5526,92.01,3.85,Bacteria;Terrabacteria group;Firmicutes,d__Bacteria;p__Firmicutes_A;c__Clostridia;o__Tissierellales;f__Sedimentibacteraceae;g__Sedimentibacter;s__Sedimentibacter sp002381185,Firmicutes,Firmicutes,UBA5526,SAMN06457710,PRJNA348753,Parks 2017 UBA reassembly,New York City MTA subway samples Metagenome,Built_Environment,GCA_002423765.1,Scaffold,3.99007,35.3,,DIOA01,97,0,2017-10-04T00:00:00Z,ftp://ftp.ncbi.nlm.nih.gov/genomes/all/GCA/002/423/765/GCA_002423765.1_ASM242376v1,,
GCA_002428495.1,Synergistaceae bacterium UBA6101,100,0,Bacteria;Synergistetes;Synergistia,d__Bacteria;p__Synergistota;c__Synergistia;o__Synergistales;f__Synergistaceae;g__Syner-03;s__Syner-03 sp002428495,Synergistetes,Synergistetes,UBA6101,SAMN06455158,PRJNA348753,Parks 2017 UBA reassembly,Hydrocarbon Metagenome,Hydrocarbon_Contaminated_Site,GCA_002428495.1,Scaffold,2.15346,47.1,,DIWR01,31,0,2017-10-04T00:00:00Z,ftp://ftp.ncbi.nlm.nih.gov/genomes/all/GCA/002/428/495/GCA_002428495.1_ASM242849v1,,
GCA_002495055.1,Methanoregula sp. UBA247,95,5.38,Archaea;Euryarchaeota;Stenosarchaea group,d__Archaea;p__Halobacterota;c__Methanomicrobia;o__Methanomicrobiales;f__Methanoregulaceae;g__Methanoregula;s__Methanoregula sp002495055,Euryarchaeota,Euryarchaeota,UBA247,SAMN06027050,PRJNA348753,Parks 2017 UBA reassembly,Hydrocarbon Metagenome,Hydrocarbon_Contaminated_Site,GCA_002495055.1,Scaffold,2.74833,48,,DADR01,74,0,2017-10-10T00:00:00Z,ftp://ftp.ncbi.nlm.nih.gov/genomes/all/GCA/002/495/055/GCA_002495055.1_ASM249505v1,,
GCA_002497445.1,Methanoregula sp. UBA450,63.9,0,Archaea;Euryarchaeota;Stenosarchaea group,d__Archaea;p__Halobacterota;c__Methanomicrobia;o__Methanomicrobiales;f__Methanoregulaceae;g__Methanoregula;s__Methanoregula sp002495055,Euryarchaeota,Euryarchaeota,UBA450,SAMN06027137,PRJNA348753,Parks 2017 UBA reassembly,Hydrocarbon Metagenome,Hydrocarbon_Contaminated_Site,GCA_002497445.1,Scaffold,1.97514,48.3,,DADD01,220,0,2017-10-10T00:00:00Z,ftp://ftp.ncbi.nlm.nih.gov/genomes/all/GCA/002/497/445/GCA_002497445.1_ASM249744v1,,
GCA_002839185.1,Synergistetes bacterium HGW-Synergistetes-1,100,0,Bacteria;Synergistetes;unclassified Synergistetes,d__Bacteria;p__Synergistota;c__Synergistia;o__Synergistales;f__Synergistaceae;g__Syner-03;s__Syner-03 sp002839185,Synergistetes,Synergistetes,HGW-Synergistetes-1,SAMN06767759,PRJNA321556,groundwater metagenome/Subsurface,Hernsdorf et al. 2017,Subsurface,GCA_002839185.1,Scaffold,2.1709,46.5,,PGXO01,15,1964,2017-12-13T00:00:00Z,ftp://ftp.ncbi.nlm.nih.gov/genomes/all/GCA/002/839/185/GCA_002839185.1_ASM283918v1,,
GCA_002839605.1,Methanomicrobiales archaeon HGW-Methanomicrobiales-3,99.67,1.31,Archaea;Euryarchaeota;Stenosarchaea group,d__Archaea;p__Halobacterota;c__Methanomicrobia;o__Methanomicrobiales;f__Methanoregulaceae;g__Methanoregula;s__Methanoregula sp002839605,Euryarchaeota,Euryarchaeota,HGW-Methanomicrobiales-3,SAMN06767737,PRJNA321556,groundwater metagenome/Subsurface,Hernsdorf et al. 2017,Subsurface,GCA_002839605.1,Scaffold,2.59135,55.3,,PGYK01,18,2538,2017-12-13T00:00:00Z,ftp://ftp.ncbi.nlm.nih.gov/genomes/all/GCA/002/839/605/GCA_002839605.1_ASM283960v1,,
GCA_002839675.1,Methanomicrobiales archaeon HGW-Methanomicrobiales-1,99.67,1.96,Archaea;Euryarchaeota;Stenosarchaea group,d__Archaea;p__Halobacterota;c__Methanomicrobia;o__Methanomicrobiales;f__Methanoregulaceae;g__Methanoregula;s__Methanoregula sp002839675,Euryarchaeota,Euryarchaeota,HGW-Methanomicrobiales-1,SAMN06767735,PRJNA321556,groundwater metagenome/Subsurface,Hernsdorf et al. 2017,Subsurface,GCA_002839675.1,Scaffold,2.47008,51.4,,PGYM01,5,2456,2017-12-13T00:00:00Z,ftp://ftp.ncbi.nlm.nih.gov/genomes/all/GCA/002/839/675/GCA_002839675.1_ASM283967v1,,
GCA_002839855.1,Candidatus Goldbacteria bacterium HGW-Goldbacteria-1,98.88,2.25,Bacteria;unclassified Bacteria;Bacteria candidate phyla,d__Bacteria;p__Goldbacteria;c__PGYV01;o__PGYV01;f__PGYV01;g__PGYV01;s__PGYV01 sp002839855,Candidatus Goldbacteria,Other,HGW-Goldbacteria-1,SAMN06767726,PRJNA321556,groundwater metagenome/Subsurface,Hernsdorf et al. 2017,Subsurface,GCA_002839855.1,Scaffold,2.86264,42.2,,PGYV01,18,2484,2017-12-13T00:00:00Z,ftp://ftp.ncbi.nlm.nih.gov/genomes/all/GCA/002/839/855/GCA_002839855.1_ASM283985v1,,
GCA_002995785.1,Clostridium liquoris,97.93,0,Bacteria;Terrabacteria group;Firmicutes,d__Bacteria;p__Firmicutes_A;c__Clostridia;o__Clostridiales;f__Clostridiaceae;g__Clostridium_AO;s__Clostridium_AO liquoris,Firmicutes,Firmicutes,DSM 100320,SAMN08638830,PRJNA437081,Isolate sequencing,NA,Isolate,GCA_002995785.1,Contig,2.8762,31,,PVXO01,75,2674,2018-03-14T00:00:00Z,ftp://ftp.ncbi.nlm.nih.gov/genomes/all/GCA/002/995/785/GCA_002995785.1_ASM299578v1,ftp://ftp.ncbi.nlm.nih.gov/genomes/all/GCF/002/995/785/GCF_002995785.1_ASM299578v1,
GCA_003020045.1,Ethanoligenens harbinense YUAN-3,97.32,0.34,Bacteria;Terrabacteria group;Firmicutes,d__Bacteria;p__Firmicutes_A;c__Clostridia;o__Oscillospirales;f__Ethanoligenenaceae;g__Ethanoligenens;s__Ethanoligenens harbinense,Firmicutes,Firmicutes,YUAN-3,SAMN00008641,PRJNA421875,Isolate sequencing,NA,Isolate,GCA_003020045.1,Complete,3.00951,55.6,chromosome:NZ_CP025286.1/CP025286.1,,1,2767,2018-03-27T00:00:00Z,ftp://ftp.ncbi.nlm.nih.gov/genomes/all/GCA/003/020/045/GCA_003020045.1_ASM302004v1,ftp://ftp.ncbi.nlm.nih.gov/genomes/all/GCF/003/020/045/GCF_003020045.1_ASM302004v1,
GCA_003132645.1,Actinobacteria bacterium,85.63,2.16,Bacteria;Terrabacteria group;Actinobacteria,d__Bacteria;p__Actinobacteriota;c__Thermoleophilia;o__UBA2241;f__UBA2241;g__Bog-752;s__Bog-752 sp003132645,Actinobacteria,Actinobacteria,palsa_645,SAMN08179422,PRJNA386568,peat/permafrost metagenom,Woodcroft et al. 2018,Wetlands,GCA_003132645.1,Scaffold,3.24321,68.6,,PKYM01,370,0,2018-05-18T00:00:00Z,ftp://ftp.ncbi.nlm.nih.gov/genomes/all/GCA/003/132/645/GCA_003132645.1_20120500_P19,,
GCA_003141275.1,Phycisphaerales bacterium,96.01,3.48,Bacteria;PVC group;Planctomycetes,d__Bacteria;p__Planctomycetota;c__Phycisphaerae;o__SG8-4;f__SG8-4;g__Fen-1362;s__Fen-1362 sp003141275,PVC;Planctomycetes,PVC,fen_1362,SAMN08180155,PRJNA386568,peat/permafrost metagenom,Woodcroft et al. 2018,Wetlands,GCA_003141275.1,Scaffold,3.05214,49.2,,PLLM01,104,0,2018-05-18T00:00:00Z,ftp://ftp.ncbi.nlm.nih.gov/genomes/all/GCA/003/141/275/GCA_003141275.1_20120800_E3X,,
GCA_003141415.1,Bacteroidales bacterium,92.3,3.33,Bacteria;FCB group;Bacteroidetes/Chlorobi group,d__Bacteria;p__Bacteroidota;c__Bacteroidia;o__Bacteroidales;f__vadinHA17;g__LD21;s__LD21 sp003141415,Bacteroidetes,Bacteroidetes,fen_983,SAMN08180144,PRJNA386568,peat/permafrost metagenom,Woodcroft et al. 2018,Wetlands,GCA_003141415.1,Scaffold,5.25655,37.4,,PLLX01,279,0,2018-05-18T00:00:00Z,ftp://ftp.ncbi.nlm.nih.gov/genomes/all/GCA/003/141/415/GCA_003141415.1_20120800_E3S,,
GCA_003141495.1,Bacteroidales bacterium,91.65,3.25,Bacteria;FCB group;Bacteroidetes/Chlorobi group,d__Bacteria;p__Bacteroidota;c__Bacteroidia;o__Bacteroidales;f__vadinHA17;g__LD21;s__LD21 sp003141495,Bacteroidetes,Bacteroidetes,fen_982,SAMN08180139,PRJNA386568,peat/permafrost metagenom,Woodcroft et al. 2018,Wetlands,GCA_003141495.1,Scaffold,3.51409,38.2,,PLMC01,135,0,2018-05-18T00:00:00Z,ftp://ftp.ncbi.nlm.nih.gov/genomes/all/GCA/003/141/495/GCA_003141495.1_20120800_E3S,,
GCA_003141525.1,Bacteroidales bacterium,94.77,2.86,Bacteria;FCB group;Bacteroidetes/Chlorobi group,d__Bacteria;p__Bacteroidota;c__Bacteroidia;o__Bacteroidales;f__vadinHA17;g__LD21;s__LD21 sp003141525,Bacteroidetes,Bacteroidetes,fen_980,SAMN08180130,PRJNA386568,peat/permafrost metagenom,Woodcroft et al. 2018,Wetlands,GCA_003141525.1,Scaffold,4.82209,38,,PLML01,241,0,2018-05-18T00:00:00Z,ftp://ftp.ncbi.nlm.nih.gov/genomes/all/GCA/003/141/525/GCA_003141525.1_20120800_E3D,,
GCA_003141575.1,Bacteroidales bacterium,90.41,9.68,Bacteria;FCB group;Bacteroidetes/Chlorobi group,d__Bacteria;p__Bacteroidota;c__Bacteroidia;o__Bacteroidales;f__vadinHA17;g__LD21;s__LD21 sp003141415,Bacteroidetes,Bacteroidetes,fen_978,SAMN08180126,PRJNA386568,peat/permafrost metagenom,Woodcroft et al. 2018,Wetlands,GCA_003141575.1,Scaffold,5.41643,37.6,,PLMP01,316,0,2018-05-18T00:00:00Z,ftp://ftp.ncbi.nlm.nih.gov/genomes/all/GCA/003/141/575/GCA_003141575.1_20120800_E2X,,
GCA_003141595.1,Bacteroidales bacterium,95.71,3.1,Bacteria;FCB group;Bacteroidetes/Chlorobi group,d__Bacteria;p__Bacteroidota;c__Bacteroidia;o__Bacteroidales;f__vadinHA17;g__LD21;s__LD21 sp003142255,Bacteroidetes,Bacteroidetes,fen_977,SAMN08180122,PRJNA386568,peat/permafrost metagenom,Woodcroft et al. 2018,Wetlands,GCA_003141595.1,Scaffold,3.73568,41.6,,PLMT01,37,0,2018-05-18T00:00:00Z,ftp://ftp.ncbi.nlm.nih.gov/genomes/all/GCA/003/141/595/GCA_003141595.1_20120800_E2X,,
GCA_003141715.1,Bacteroidales bacterium,90.49,4.29,Bacteria;FCB group;Bacteroidetes/Chlorobi group,d__Bacteria;p__Bacteroidota;c__Bacteroidia;o__Bacteroidales;f__vadinHA17;g__LD21;s__LD21 sp003141715,Bacteroidetes,Bacteroidetes,fen_976,SAMN08180110,PRJNA386568,peat/permafrost metagenom,Woodcroft et al. 2018,Wetlands,GCA_003141715.1,Scaffold,3.70055,38.2,,PLNF01,148,0,2018-05-18T00:00:00Z,ftp://ftp.ncbi.nlm.nih.gov/genomes/all/GCA/003/141/715/GCA_003141715.1_20120800_E2D,,
GCA_003141755.1,Bacteroidales bacterium,93.49,6.63,Bacteria;FCB group;Bacteroidetes/Chlorobi group,d__Bacteria;p__Bacteroidota;c__Bacteroidia;o__Bacteroidales;f__vadinHA17;g__LD21;s__LD21 sp003141525,Bacteroidetes,Bacteroidetes,fen_975,SAMN08180106,PRJNA386568,peat/permafrost metagenom,Woodcroft et al. 2018,Wetlands,GCA_003141755.1,Scaffold,4.84438,38.1,,PLNJ01,294,0,2018-05-18T00:00:00Z,ftp://ftp.ncbi.nlm.nih.gov/genomes/all/GCA/003/141/755/GCA_003141755.1_20120800_E2D,,
GCA_003141795.1,Spirochaetaceae bacterium,89.74,3.07,Bacteria;Spirochaetes;Spirochaetia,d__Bacteria;p__Spirochaetota;c__Spirochaetia;o__Spirochaetales;f__RBG-16-67-19;g__Fen-1364;s__Fen-1364 sp003141795,Spirochaetes,Spirochaetes,fen_1366,SAMN08180101,PRJNA386568,peat/permafrost metagenom,Woodcroft et al. 2018,Wetlands,GCA_003141795.1,Scaffold,5.20007,62.6,,PLNO01,389,0,2018-05-18T00:00:00Z,ftp://ftp.ncbi.nlm.nih.gov/genomes/all/GCA/003/141/795/GCA_003141795.1_20120800_E1X,,
GCA_003141895.1,Bacteroidales bacterium,98.79,2.14,Bacteria;FCB group;Bacteroidetes/Chlorobi group,d__Bacteria;p__Bacteroidota;c__Bacteroidia;o__Bacteroidales;f__vadinHA17;g__LD21;s__LD21 sp003141895,Bacteroidetes,Bacteroidetes,fen_974,SAMN08180096,PRJNA386568,peat/permafrost metagenom,Woodcroft et al. 2018,Wetlands,GCA_003141895.1,Scaffold,4.01093,38,,PLNT01,46,0,2018-05-18T00:00:00Z,ftp://ftp.ncbi.nlm.nih.gov/genomes/all/GCA/003/141/895/GCA_003141895.1_20120800_E1X,,
GCA_003142255.1,Bacteroidales bacterium,97.62,2.14,Bacteria;FCB group;Bacteroidetes/Chlorobi group,d__Bacteria;p__Bacteroidota;c__Bacteroidia;o__Bacteroidales;f__vadinHA17;g__LD21;s__LD21 sp003142255,Bacteroidetes,Bacteroidetes,fen_984,SAMN08180153,PRJNA386568,peat/permafrost metagenom,Woodcroft et al. 2018,Wetlands,GCA_003142255.1,Scaffold,3.72917,41.8,,PLLO01,19,0,2018-05-18T00:00:00Z,ftp://ftp.ncbi.nlm.nih.gov/genomes/all/GCA/003/142/255/GCA_003142255.1_20120800_E3X,,
GCA_003142475.1,Ignavibacteriae bacterium,97.8,4.83,Bacteria;FCB group;Bacteroidetes/Chlorobi group,d__Bacteria;p__Bacteroidota;c__UBA10030;o__UBA10030;f__UBA10030;g__Fen-1298;s__Fen-1298 sp003142475,Ignavibacteria,Ignavibacteria,fen_1300,SAMN08180131,PRJNA386568,peat/permafrost metagenom,Woodcroft et al. 2018,Wetlands,GCA_003142475.1,Scaffold,3.58311,41.3,,PLMK01,81,0,2018-05-18T00:00:00Z,ftp://ftp.ncbi.nlm.nih.gov/genomes/all/GCA/003/142/475/GCA_003142475.1_20120800_E3D,,
GCA_003142575.1,Ignavibacteriae bacterium,95.61,5.94,Bacteria;FCB group;Bacteroidetes/Chlorobi group,d__Bacteria;p__Bacteroidota;c__UBA10030;o__UBA10030;f__UBA10030;g__Fen-1298;s__Fen-1298 sp003142575,Ignavibacteria,Ignavibacteria,fen_1299,SAMN08180123,PRJNA386568,peat/permafrost metagenom,Woodcroft et al. 2018,Wetlands,GCA_003142575.1,Scaffold,3.28498,43.5,,PLMS01,152,0,2018-05-18T00:00:00Z,ftp://ftp.ncbi.nlm.nih.gov/genomes/all/GCA/003/142/575/GCA_003142575.1_20120800_E2X,,
GCA_003142715.1,Ignavibacteriae bacterium,91.18,4.37,Bacteria;FCB group;Bacteroidetes/Chlorobi group,d__Bacteria;p__Bacteroidota;c__UBA10030;o__UBA10030;f__UBA10030;g__Fen-1298;s__Fen-1298 sp003142475,Ignavibacteria,Ignavibacteria,fen_1298,SAMN08180108,PRJNA386568,peat/permafrost metagenom,Woodcroft et al. 2018,Wetlands,GCA_003142715.1,Scaffold,3.35597,41.5,,PLNH01,296,0,2018-05-18T00:00:00Z,ftp://ftp.ncbi.nlm.nih.gov/genomes/all/GCA/003/142/715/GCA_003142715.1_20120800_E2D,,
GCA_003153075.1,Dehalococcoidia bacterium,71.32,0.99,Bacteria;Terrabacteria group;Chloroflexi,d__Bacteria;p__Chloroflexota;c__Dehalococcoidia;o__Dehalococcoidales;f__UBA3254;g__Fen-1064;s__Fen-1064 sp003153075,Chloroflexi,Chloroflexi,fen_1065,SAMN08179783,PRJNA386568,peat/permafrost metagenom,Woodcroft et al. 2018,Wetlands,GCA_003153075.1,Scaffold,2.77467,48.3,,PMBW01,364,0,2018-05-24T00:00:00Z,ftp://ftp.ncbi.nlm.nih.gov/genomes/all/GCA/003/153/075/GCA_003153075.1_20120700_E3M,,
GCA_003153795.1,Ignavibacteriae bacterium,93.42,5.21,Bacteria;FCB group;Bacteroidetes/Chlorobi group,d__Bacteria;p__Bacteroidota;c__UBA10030;o__UBA10030;f__UBA10030;g__Fen-1298;s__Fen-1298 sp003155495,Ignavibacteria,Ignavibacteria,fen_1292,SAMN08179795,PRJNA386568,peat/permafrost metagenom,Woodcroft et al. 2018,Wetlands,GCA_003153795.1,Scaffold,3.64502,42.8,,PMBK01,73,0,2018-05-24T00:00:00Z,ftp://ftp.ncbi.nlm.nih.gov/genomes/all/GCA/003/153/795/GCA_003153795.1_20120700_E3M,,
GCA_003153835.1,Methanoregula sp.,76.97,0,Archaea;Euryarchaeota;Stenosarchaea group,d__Archaea;p__Halobacterota;c__Methanomicrobia;o__Methanomicrobiales;f__Methanoregulaceae;g__Methanoregula;s__Methanoregula sp003154335,Euryarchaeota,Euryarchaeota,fen_66,SAMN08179794,PRJNA386568,peat/permafrost metagenom,Woodcroft et al. 2018,Wetlands,GCA_003153835.1,Scaffold,1.91964,47.5,,PMBL01,259,0,2018-05-24T00:00:00Z,ftp://ftp.ncbi.nlm.nih.gov/genomes/all/GCA/003/153/835/GCA_003153835.1_20120700_E3M,,
GCA_003153955.1,Dehalococcoidia bacterium,80.89,0.99,Bacteria;Terrabacteria group;Chloroflexi,d__Bacteria;p__Chloroflexota;c__Dehalococcoidia;o__Dehalococcoidales;f__UBA3254;g__Fen-1064;s__Fen-1064 sp003153955,Chloroflexi,Chloroflexi,fen_1064,SAMN08179778,PRJNA386568,peat/permafrost metagenom,Woodcroft et al. 2018,Wetlands,GCA_003153955.1,Scaffold,2.08646,49,,PMCB01,137,0,2018-05-24T00:00:00Z,ftp://ftp.ncbi.nlm.nih.gov/genomes/all/GCA/003/153/955/GCA_003153955.1_20120700_E3M,,
GCA_003154455.1,Dehalococcoidia bacterium,85.06,2.97,Bacteria;Terrabacteria group;Chloroflexi,d__Bacteria;p__Chloroflexota;c__Dehalococcoidia;o__Dehalococcoidales;f__UBA3254;g__Fen-1064;s__Fen-1064 sp003153955,Chloroflexi,Chloroflexi,fen_1060,SAMN08179743,PRJNA386568,peat/permafrost metagenom,Woodcroft et al. 2018,Wetlands,GCA_003154455.1,Scaffold,2.0748,49,,PMDJ01,198,0,2018-05-24T00:00:00Z,ftp://ftp.ncbi.nlm.nih.gov/genomes/all/GCA/003/154/455/GCA_003154455.1_20120700_E2X,,
GCA_003154715.1,Dehalococcoidia bacterium,78.06,9.27,Bacteria;Terrabacteria group;Chloroflexi,d__Bacteria;p__Chloroflexota;c__Dehalococcoidia;o__Dehalococcoidales;f__UBA3254;g__Fen-1064;s__Fen-1064 sp003162335,Chloroflexi,Chloroflexi,fen_1055,SAMN08179716,PRJNA386568,peat/permafrost metagenom,Woodcroft et al. 2018,Wetlands,GCA_003154715.1,Scaffold,2.48028,47.6,,PMEJ01,365,0,2018-05-24T00:00:00Z,ftp://ftp.ncbi.nlm.nih.gov/genomes/all/GCA/003/154/715/GCA_003154715.1_20120700_E2D,,
GCA_003154725.1,Bacteroidales bacterium,96.46,1.9,Bacteria;FCB group;Bacteroidetes/Chlorobi group,d__Bacteria;p__Bacteroidota;c__Bacteroidia;o__Bacteroidales;f__vadinHA17;g__LD21;s__LD21 sp003141895,Bacteroidetes,Bacteroidetes,fen_959,SAMN08179714,PRJNA386568,peat/permafrost metagenom,Woodcroft et al. 2018,Wetlands,GCA_003154725.1,Scaffold,3.94594,38,,PMEL01,96,0,2018-05-24T00:00:00Z,ftp://ftp.ncbi.nlm.nih.gov/genomes/all/GCA/003/154/725/GCA_003154725.1_20120700_E1X,,
GCA_003155455.1,Dehalococcoidia bacterium,87.16,1.98,Bacteria;Terrabacteria group;Chloroflexi,d__Bacteria;p__Chloroflexota;c__Dehalococcoidia;o__Dehalococcoidales;f__UBA3254;g__Fen-1064;s__Fen-1064 sp003162335,Chloroflexi,Chloroflexi,fen_1062,SAMN08179759,PRJNA386568,peat/permafrost metagenom,Woodcroft et al. 2018,Wetlands,GCA_003155455.1,Scaffold,2.77859,47.6,,PMCT01,177,0,2018-05-24T00:00:00Z,ftp://ftp.ncbi.nlm.nih.gov/genomes/all/GCA/003/155/455/GCA_003155455.1_20120700_E3M,,
GCA_003155495.1,Ignavibacteriae bacterium,95.01,4.59,Bacteria;FCB group;Bacteroidetes/Chlorobi group,d__Bacteria;p__Bacteroidota;c__UBA10030;o__UBA10030;f__UBA10030;g__Fen-1298;s__Fen-1298 sp003155495,Ignavibacteria,Ignavibacteria,fen_1287,SAMN08179751,PRJNA386568,peat/permafrost metagenom,Woodcroft et al. 2018,Wetlands,GCA_003155495.1,Scaffold,3.58587,42.9,,PMDB01,119,0,2018-05-24T00:00:00Z,ftp://ftp.ncbi.nlm.nih.gov/genomes/all/GCA/003/155/495/GCA_003155495.1_20120700_E2X,,
GCA_003155505.1,Ignavibacteriae bacterium,89.47,4.37,Bacteria;FCB group;Bacteroidetes/Chlorobi group,d__Bacteria;p__Bacteroidota;c__UBA10030;o__UBA10030;f__UBA6906;g__Fen-1262;s__Fen-1262 sp003152875,Ignavibacteria,Ignavibacteria,fen_1289,SAMN08179755,PRJNA386568,peat/permafrost metagenom,Woodcroft et al. 2018,Wetlands,GCA_003155505.1,Scaffold,3.94042,60.4,,PMCX01,270,0,2018-05-24T00:00:00Z,ftp://ftp.ncbi.nlm.nih.gov/genomes/all/GCA/003/155/505/GCA_003155505.1_20120700_E2X,,
GCA_003155705.1,Bacteroidales bacterium,90.24,2.78,Bacteria;FCB group;Bacteroidetes/Chlorobi group,d__Bacteria;p__Bacteroidota;c__Bacteroidia;o__Bacteroidales;f__vadinHA17;g__LD21;s__LD21 sp003155705,Bacteroidetes,Bacteroidetes,fen_961,SAMN08179723,PRJNA386568,peat/permafrost metagenom,Woodcroft et al. 2018,Wetlands,GCA_003155705.1,Scaffold,3.19602,38.4,,PMEC01,257,0,2018-05-24T00:00:00Z,ftp://ftp.ncbi.nlm.nih.gov/genomes/all/GCA/003/155/705/GCA_003155705.1_20120700_E2X,,
GCA_003157015.1,Bacteroidales bacterium,98.87,5.17,Bacteria;FCB group;Bacteroidetes/Chlorobi group,d__Bacteria;p__Bacteroidota;c__Bacteroidia;o__Bacteroidales;f__vadinHA17;g__LD21;s__LD21 sp003157015,Bacteroidetes,Bacteroidetes,fen_957,SAMN08179609,PRJNA386568,peat/permafrost metagenom,Woodcroft et al. 2018,Wetlands,GCA_003157015.1,Scaffold,5.20583,37.8,,PMIJ01,238,0,2018-05-24T00:00:00Z,ftp://ftp.ncbi.nlm.nih.gov/genomes/all/GCA/003/157/015/GCA_003157015.1_20120600_E3D,,
GCA_003157475.1,Ignavibacteriae bacterium,78.3,4.75,Bacteria;FCB group;Bacteroidetes/Chlorobi group,d__Bacteria;p__Bacteroidota;c__UBA10030;o__UBA10030;f__UBA10030;g__Fen-1298;s__Fen-1298 sp003155495,Ignavibacteria,Ignavibacteria,fen_1278,SAMN08179576,PRJNA386568,peat/permafrost metagenom,Woodcroft et al. 2018,Wetlands,GCA_003157475.1,Scaffold,2.70169,43.5,,PMJP01,404,0,2018-05-24T00:00:00Z,ftp://ftp.ncbi.nlm.nih.gov/genomes/all/GCA/003/157/475/GCA_003157475.1_20120600_E2D,,
GCA_003157835.1,Ignavibacteriae bacterium,90.26,2,Bacteria;FCB group;Bacteroidetes/Chlorobi group,d__Bacteria;p__Bacteroidota;c__UBA10030;o__UBA10030;f__UBA10030;g__Fen-1254;s__Fen-1254 sp003162695,Ignavibacteria,Ignavibacteria,fen_1272,SAMN08179546,PRJNA386568,peat/permafrost metagenom,Woodcroft et al. 2018,Wetlands,GCA_003157835.1,Scaffold,3.26852,46,,PMKT01,334,0,2018-05-24T00:00:00Z,ftp://ftp.ncbi.nlm.nih.gov/genomes/all/GCA/003/157/835/GCA_003157835.1_20120600_E1D,,
GCA_003157895.1,Methanoregula sp.,90.28,0.16,Archaea;Euryarchaeota;Stenosarchaea group,d__Archaea;p__Halobacterota;c__Methanomicrobia;o__Methanomicrobiales;f__Methanoregulaceae;g__Methanoregula;s__Methanoregula sp003157895,Euryarchaeota,Euryarchaeota,fen_47,SAMN08179543,PRJNA386568,peat/permafrost metagenom,Woodcroft et al. 2018,Wetlands,GCA_003157895.1,Scaffold,2.03384,53.6,,PMKW01,205,0,2018-05-24T00:00:00Z,ftp://ftp.ncbi.nlm.nih.gov/genomes/all/GCA/003/157/895/GCA_003157895.1_20120600_E1D,,
GCA_003158435.1,Dehalococcoidia bacterium,82.54,2.97,Bacteria;Terrabacteria group;Chloroflexi,d__Bacteria;p__Chloroflexota;c__Dehalococcoidia;o__Dehalococcoidales;f__UBA3254;g__Fen-1064;s__Fen-1064 sp003162335,Chloroflexi,Chloroflexi,fen_1048,SAMN08179590,PRJNA386568,peat/permafrost metagenom,Woodcroft et al. 2018,Wetlands,GCA_003158435.1,Scaffold,3.06688,47.2,,PMJB01,251,0,2018-05-24T00:00:00Z,ftp://ftp.ncbi.nlm.nih.gov/genomes/all/GCA/003/158/435/GCA_003158435.1_20120600_E3D,,
GCA_003158735.1,Myxococcales bacterium,89.34,4.59,Bacteria;Proteobacteria;delta/epsilon subdivisions,d__Bacteria;p__Myxococcota;c__Polyangia;o__Palsa-1104;f__Fen-1088;g__Fen-1137;s__Fen-1137 sp003158735,Deltaproteobacteria,Deltaproteobacteria,fen_1121,SAMN08179538,PRJNA386568,peat/permafrost metagenom,Woodcroft et al. 2018,Wetlands,GCA_003158735.1,Scaffold,6.49494,63.9,,PMLB01,467,0,2018-05-24T00:00:00Z,ftp://ftp.ncbi.nlm.nih.gov/genomes/all/GCA/003/158/735/GCA_003158735.1_20120600_E1D,,
GCA_003158815.1,Dehalococcoidia bacterium,84.08,4.95,Bacteria;Terrabacteria group;Chloroflexi,d__Bacteria;p__Chloroflexota;c__Dehalococcoidia;o__Dehalococcoidales;f__UBA3254;g__Fen-1064;s__Fen-1064 sp003162335,Chloroflexi,Chloroflexi,fen_1040,SAMN08179533,PRJNA386568,peat/permafrost metagenom,Woodcroft et al. 2018,Wetlands,GCA_003158815.1,Scaffold,3.05871,47.2,,PMLG01,330,0,2018-05-24T00:00:00Z,ftp://ftp.ncbi.nlm.nih.gov/genomes/all/GCA/003/158/815/GCA_003158815.1_20120600_E1D,,
GCA_003161895.1,Bacteroidales bacterium,86.54,1.77,Bacteria;FCB group;Bacteroidetes/Chlorobi group,d__Bacteria;p__Bacteroidota;c__Bacteroidia;o__Bacteroidales;f__vadinHA17;g__LD21;s__LD21 sp003157015,Bacteroidetes,Bacteroidetes,fen_945,SAMN08178755,PRJNA386568,peat/permafrost metagenom,Woodcroft et al. 2018,Wetlands,GCA_003161895.1,Scaffold,4.48169,38,,PMNI01,459,0,2018-05-25T00:00:00Z,ftp://ftp.ncbi.nlm.nih.gov/genomes/all/GCA/003/161/895/GCA_003161895.1_20100900_E3D,,
GCA_003161915.1,Ignavibacteriae bacterium,88.21,2.24,Bacteria;FCB group;Bacteroidetes/Chlorobi group,d__Bacteria;p__Bacteroidota;c__UBA10030;o__UBA10030;f__UBA10030;g__Fen-1254;s__Fen-1254 sp003162695,Ignavibacteria,Ignavibacteria,fen_1261,SAMN08178754,PRJNA386568,peat/permafrost metagenom,Woodcroft et al. 2018,Wetlands,GCA_003161915.1,Scaffold,2.76551,46.1,,PMNH01,333,0,2018-05-25T00:00:00Z,ftp://ftp.ncbi.nlm.nih.gov/genomes/all/GCA/003/161/915/GCA_003161915.1_20100900_E3D,,
GCA_003162595.1,Bacteroidales bacterium,81.27,3.49,Bacteria;FCB group;Bacteroidetes/Chlorobi group,d__Bacteria;p__Bacteroidota;c__Bacteroidia;o__Bacteroidales;f__vadinHA17;g__LD21;s__LD21 sp003162595,Bacteroidetes,Bacteroidetes,fen_946,SAMN08178756,PRJNA386568,peat/permafrost metagenom,Woodcroft et al. 2018,Wetlands,GCA_003162595.1,Scaffold,3.73101,38.1,,PMNJ01,372,0,2018-05-25T00:00:00Z,ftp://ftp.ncbi.nlm.nih.gov/genomes/all/GCA/003/162/595/GCA_003162595.1_20100900_E3D,,
GCA_003162695.1,Ignavibacteriae bacterium,96.02,2.91,Bacteria;FCB group;Bacteroidetes/Chlorobi group,d__Bacteria;p__Bacteroidota;c__UBA10030;o__UBA10030;f__UBA10030;g__Fen-1254;s__Fen-1254 sp003162695,Ignavibacteria,Ignavibacteria,fen_1254,SAMN08178730,PRJNA386568,peat/permafrost metagenom,Woodcroft et al. 2018,Wetlands,GCA_003162695.1,Scaffold,3.37583,46,,PMML01,132,0,2018-05-25T00:00:00Z,ftp://ftp.ncbi.nlm.nih.gov/genomes/all/GCA/003/162/695/GCA_003162695.1_20100900_E1D,,
GCA_003164335.1,Fibrobacteres bacterium,97.74,2.2,Bacteria;FCB group;Fibrobacteres,d__Bacteria;p__Fibrobacterota;c__Chitinivibrionia;o__Chitinivibrionales;f__Chitinispirillaceae;g__BOG-1184;s__BOG-1184 sp003164335,Fibrobacteres,Other,bog_1184,SAMN08179953,PRJNA386568,peat/permafrost metagenom,Woodcroft et al. 2018,Wetlands,GCA_003164335.1,Scaffold,3.80854,54.7,,PLTF01,164,0,2018-05-25T00:00:00Z,ftp://ftp.ncbi.nlm.nih.gov/genomes/all/GCA/003/164/335/GCA_003164335.1_20120700_S1D,,
GCA_003165115.1,Syntrophaceae bacterium,77.98,3.36,Bacteria;Proteobacteria;delta/epsilon subdivisions,d__Bacteria;p__Desulfobacterota;c__Syntrophorhabdia;o__Syntrophorhabdales;f__WCHB1-27;g__BOG-1155;s__BOG-1155 sp003165115,Deltaproteobacteria,Deltaproteobacteria,bog_1155,SAMN08179975,PRJNA386568,peat/permafrost metagenom,Woodcroft et al. 2018,Wetlands,GCA_003165115.1,Scaffold,3.90874,58.8,,PLSJ01,521,0,2018-05-25T00:00:00Z,ftp://ftp.ncbi.nlm.nih.gov/genomes/all/GCA/003/165/115/GCA_003165115.1_20120700_S1D,,
GCA_003165595.1,Fibrobacteres bacterium,98.84,1.65,Bacteria;FCB group;Fibrobacteres,d__Bacteria;p__Fibrobacterota;c__Chitinivibrionia;o__Chitinivibrionales;f__FEN-1185;g__FEN-1185;s__FEN-1185 sp003165595,Fibrobacteres,Other,fen_1185,SAMN08180087,PRJNA386568,peat/permafrost metagenom,Woodcroft et al. 2018,Wetlands,GCA_003165595.1,Scaffold,5.39247,55.1,,PLWQ01,42,0,2018-05-25T00:00:00Z,ftp://ftp.ncbi.nlm.nih.gov/genomes/all/GCA/003/165/595/GCA_003165595.1_20120800_E1D,,
GCA_003170975.1,Methanoregula sp.,83.87,1.84,Archaea;Euryarchaeota;Stenosarchaea group,d__Archaea;p__Halobacterota;c__Methanomicrobia;o__Methanomicrobiales;f__Methanoregulaceae;g__Methanoregula;s__Methanoregula sp003157895,Euryarchaeota,Euryarchaeota,fen_24,SAMN08179035,PRJNA386568,peat/permafrost metagenom,Woodcroft et al. 2018,Wetlands,GCA_003170975.1,Scaffold,2.04585,53.5,,PMXW01,182,0,2018-05-25T00:00:00Z,ftp://ftp.ncbi.nlm.nih.gov/genomes/all/GCA/003/170/975/GCA_003170975.1_20110800_E1M,,
GCA_003245525.1,Victivallales bacterium,87.78,3.91,Bacteria;PVC group;Lentisphaerae,d__Bacteria;p__Verrucomicrobiota;c__Lentisphaeria;o__UBA1407;f__Lenti-02;g__Lenti-02;s__Lenti-02 sp003245525,PVC;Lentisphaerae,PVC,SZUA-436,SAMN09287984,PRJNA385762,Hydrothermal Vent metagenome,NA,Hydrothermal Vent,GCA_003245525.1,Contig,6.70245,65.9,,QKCY01,607,0,2018-06-18T00:00:00Z,ftp://ftp.ncbi.nlm.nih.gov/genomes/all/GCA/003/245/525/GCA_003245525.1_ASM324552v1,,
GCA_003245695.1,Bacteroidetes bacterium,96.19,2.86,Bacteria;FCB group;Bacteroidetes/Chlorobi group,d__Bacteria;p__Bacteroidota;c__Bacteroidia;o__Bacteroidales;f__vadinHA17;g__SR-FBR-E99;s__SR-FBR-E99 sp003245695,Bacteroidetes,Bacteroidetes,SZUA-422,SAMN09287970,PRJNA385762,Hydrothermal Vent metagenome,NA,Hydrothermal Vent,GCA_003245695.1,Contig,3.5869,42.5,,QKCK01,363,0,2018-06-18T00:00:00Z,ftp://ftp.ncbi.nlm.nih.gov/genomes/all/GCA/003/245/695/GCA_003245695.1_ASM324569v1,,
GCA_003246295.1,Clostridia bacterium,76.65,0.94,Bacteria;Terrabacteria group;Firmicutes,d__Bacteria;p__Firmicutes_A;c__Clostridia;o__Lachnospirales;f__Lachnospiraceae;g__SZUA-378;s__SZUA-378 sp003246295,Firmicutes,Firmicutes,SZUA-378,SAMN09287926,PRJNA385762,Hydrothermal Vent metagenome,NA,Hydrothermal Vent,GCA_003246295.1,Contig,3.05323,36.2,,QKAS01,76,0,2018-06-18T00:00:00Z,ftp://ftp.ncbi.nlm.nih.gov/genomes/all/GCA/003/246/295/GCA_003246295.1_ASM324629v1,,
GCA_003612835.1,Ethanoligenens harbinense,97.32,0.34,Bacteria;Terrabacteria group;Firmicutes,d__Bacteria;p__Firmicutes_A;c__Clostridia;o__Oscillospirales;f__Ethanoligenenaceae;g__Ethanoligenens;s__Ethanoligenens harbinense,Firmicutes,Firmicutes,B49,SAMN08159212,PRJNA421864,Isolate sequencing,NA,Isolate,GCA_003612835.1,Complete,2.97463,55.6,chromosome:NZ_CP025287.1/CP025287.1,,1,2722,2018-10-04T00:00:00Z,ftp://ftp.ncbi.nlm.nih.gov/genomes/all/GCA/003/612/835/GCA_003612835.1_ASM361283v1,ftp://ftp.ncbi.nlm.nih.gov/genomes/all/GCF/003/612/835/GCF_003612835.1_ASM361283v1,
GCA_003612855.1,Ethanoligenens harbinense,97.32,0.34,Bacteria;Terrabacteria group;Firmicutes,d__Bacteria;p__Firmicutes_A;c__Clostridia;o__Oscillospirales;f__Ethanoligenenaceae;g__Ethanoligenens;s__Ethanoligenens harbinense,Firmicutes,Firmicutes,X-29,SAMN07637938,PRJNA406999,Isolate sequencing,NA,Isolate,GCA_003612855.1,Complete,3.10012,55.5,chromosome:NZ_CP025288.1/CP025288.1,,1,2851,2018-10-04T00:00:00Z,ftp://ftp.ncbi.nlm.nih.gov/genomes/all/GCA/003/612/855/GCA_003612855.1_ASM361285v1,ftp://ftp.ncbi.nlm.nih.gov/genomes/all/GCF/003/612/855/GCF_003612855.1_ASM361285v1,
GCA_004102745.1,Hungateiclostridium sp. N2K1,100,1.01,Bacteria;Terrabacteria group;Firmicutes,d__Bacteria;p__Firmicutes_A;c__Clostridia;o__Acetivibrionales;f__Acetivibrionaceae;g__Ruminiclostridium;s__Ruminiclostridium sp001717745,Firmicutes,Firmicutes,N2K1,SAMN10395150,PRJNA504010,Isolate sequencing,NA,Isolate,GCA_004102745.1,Contig,4.04484,38.1,,RLII01,93,3263,2019-01-22T00:00:00Z,ftp://ftp.ncbi.nlm.nih.gov/genomes/all/GCA/004/102/745/GCA_004102745.1_ASM410274v1,ftp://ftp.ncbi.nlm.nih.gov/genomes/all/GCF/004/102/745/GCF_004102745.1_ASM410274v1,
GCA_004195035.1,Candidatus Acidulodesulfobacterium ferriphilum,91.81,0,Bacteria;Proteobacteria;delta/epsilon subdivisions,d__Bacteria;p__SZUA-79;c__SZUA-79;o__SZUA-79;f__SZUA-79;g__SZUA-79;s__,Unclassified,Other,AP3,SAMN10849878,PRJNA517999,mine drainage metagenome,Tan et al. 2019,Engineered,GCA_004195035.1,Contig,1.87312,37.3,,SGBD01,7,1778,2019-02-15T00:00:00Z,ftp://ftp.ncbi.nlm.nih.gov/genomes/all/GCA/004/195/035/GCA_004195035.1_Delta_AP3,,
GCA_004321905.1,Verrucomicrobia bacterium,95.44,0.71,Bacteria;PVC group;Verrucomicrobia,d__Bacteria;p__Verrucomicrobiota;c__Kiritimatiellae;o__LD1-PB3;f__GWF2-57-35;g__;s__,PVC;Verrucomicrobia,PVC,DP16D_bin.41,SAMN10720107,PRJNA514088,groundwater metagenome,NA,Subsurface,GCA_004321905.1,Contig,2.52957,59,,SCQF01,85,2207,2019-02-25T00:00:00Z,ftp://ftp.ncbi.nlm.nih.gov/genomes/all/GCA/004/321/905/GCA_004321905.1_ASM432190v1,,
GCA_004322245.1,Bacteriodetes bacterium,88.83,7.8,Bacteria;FCB group;Bacteroidetes/Chlorobi group,d__Bacteria;p__Bacteroidota;c__Bacteroidia;o__Bacteroidales;f__vadinHA17;g__LD21;s__,Bacteroidetes,Bacteroidetes,FW215_bin.33,SAMN10720172,PRJNA514088,groundwater metagenome,NA,Subsurface,GCA_004322245.1,Contig,3.96583,38,,SCSS01,911,3564,2019-02-25T00:00:00Z,ftp://ftp.ncbi.nlm.nih.gov/genomes/all/GCA/004/322/245/GCA_004322245.1_ASM432224v1,,
GCA_004345905.1,Serpentinicella alkaliphila,97.16,1.06,Bacteria;Terrabacteria group;Firmicutes,d__Bacteria;p__Firmicutes_A;c__Clostridia;o__Peptostreptococcales;f__Natronincolaceae;g__;s__,Firmicutes,Firmicutes,DSM 100013,SAMN10362789,PRJNA500719,JGI Isolate sequencing,NA,Isolate,GCA_004345905.1,Scaffold,3.0178,32.1,,SLYC01,105,2815,2019-03-11T00:00:00Z,ftp://ftp.ncbi.nlm.nih.gov/genomes/all/GCA/004/345/905/GCA_004345905.1_ASM434590v1,ftp://ftp.ncbi.nlm.nih.gov/genomes/all/GCF/004/345/905/GCF_004345905.1_ASM434590v1,
GCA_004525355.1,Spirochaetales bacterium,93.49,4.6,Bacteria;Spirochaetes;Spirochaetia,d__Bacteria;p__Spirochaetota;c__Spirochaetia;o__Treponematales;f__UBA12059;g__UBA5200;s__,Spirochaetes,Spirochaetes,das_tool.maxbin2.98,SAMN11127083,PRJNA511814,bothnian sea metagenome,NA,Marine,GCA_004525355.1,Contig,2.65184,58.9,,SPCK01,506,2487,2019-03-30T00:00:00Z,ftp://ftp.ncbi.nlm.nih.gov/genomes/all/GCA/004/525/355/GCA_004525355.1_ASM452535v1,,
GCA_004796465.1,Desulfovibrio sp.,92.6,1.8,Bacteria;Proteobacteria;delta/epsilon subdivisions,d__Bacteria;p__Desulfobacterota_A;c__Desulfovibrionia;o__Desulfovibrionales;f__Desulfovibrionaceae;g__;s__,Deltaproteobacteria,Deltaproteobacteria,Madre1,SAMN10057597,PRJNA490746,biofilm metagenome,NA,Engineered,GCA_004796465.1,Contig,3.85266,59.8,,QZKZ01,434,3697,2019-04-16T00:00:00Z,ftp://ftp.ncbi.nlm.nih.gov/genomes/all/GCA/004/796/465/GCA_004796465.1_ASM479646v1,,
GCA_005222505.1,Ethanoligenens harbinense,97.32,0.34,Bacteria;Terrabacteria group;Firmicutes,d__Bacteria;p__Firmicutes_A;c__Clostridia;o__Oscillospirales;f__Ethanoligenenaceae;g__Ethanoligenens;s__Ethanoligenens harbinense,Firmicutes,Firmicutes,W1,SAMN09450794,PRJNA476654,Isolate sequencing,NA,Isolate,GCA_005222505.1,Complete,3.00951,55.6,chromosome:NZ_CP030278.1/CP030278.1,,1,2728,2019-05-07T00:00:00Z,ftp://ftp.ncbi.nlm.nih.gov/genomes/all/GCA/005/222/505/GCA_005222505.1_ASM522250v1,ftp://ftp.ncbi.nlm.nih.gov/genomes/all/GCF/005/222/505/GCF_005222505.1_ASM522250v1,
GCA_007279735.1,Bacteroidetes bacterium,59.5,4.57,Bacteria;FCB group;Bacteroidetes/Chlorobi group,d__Bacteria;p__Bacteroidota;c__Bacteroidia;o__Bacteroidales;f__FEN-979;g__FEN-979;s__,Bacteroidetes,Bacteroidetes,PowLak16_MAG39,SAMN09989716,PRJNA489439,lake metagenome,NA,Freshwater,GCA_007279735.1,Contig,2.21785,44.9,,QYPB01,260,1915,2019-07-22T00:00:00Z,ftp://ftp.ncbi.nlm.nih.gov/genomes/all/GCA/007/279/735/GCA_007279735.1_ASM727973v1,,
GCA_007625075.1,Desulfovibrio indonesiensis,98.47,2.43,Bacteria;Proteobacteria;delta/epsilon subdivisions,d__Bacteria;p__Desulfobacterota_A;c__Desulfovibrionia;o__Desulfovibrionales;f__Desulfovibrionaceae;g__;s__,Deltaproteobacteria,Deltaproteobacteria,P37SLT,SAMN09462506,PRJNA476963,Isolate sequencing,NA,Isolate,GCA_007625075.1,Scaffold,4.28643,60.5,,QMIE01,330,3882,2019-07-29T00:00:00Z,ftp://ftp.ncbi.nlm.nih.gov/genomes/all/GCA/007/625/075/GCA_007625075.1_ASM762507v1,,
GCA_900142215.1,Anaerocolumna jejuensis DSM 15929,99.11,6.04,Bacteria;Terrabacteria group;Firmicutes,d__Bacteria;p__Firmicutes_A;c__Clostridia;o__Lachnospirales;f__Lachnospiraceae;g__Anaerocolumna;s__Anaerocolumna jejuensis,Firmicutes,Firmicutes,DSM 15929,SAMN02745136,PRJEB18331,JGI Isolate sequencing,NA,Isolate,GCA_900142215.1,Scaffold,6.62127,40.6,,FRAC01,71,5510,2016-12-02T00:00:00Z,ftp://ftp.ncbi.nlm.nih.gov/genomes/all/GCA/900/142/215/GCA_900142215.1_IMG-taxon_2585428173_annotated_assembly,ftp://ftp.ncbi.nlm.nih.gov/genomes/all/GCF/900/142/215/GCF_900142215.1_IMG-taxon_2585428173_annotated_assembly,
GCA_900143645.1,Anaerocolumna xylanovorans DSM 12503,99.11,3.02,Bacteria;Terrabacteria group;Firmicutes,d__Bacteria;p__Firmicutes_A;c__Clostridia;o__Lachnospirales;f__Lachnospiraceae;g__Anaerocolumna;s__Anaerocolumna xylanovorans,Firmicutes,Firmicutes,DSM 12503,SAMN02745217,PRJEB18518,JGI Isolate sequencing,NA,Isolate,GCA_900143645.1,Scaffold,5.42033,40.2,,FRFD01,23,4562,2016-12-09T00:00:00Z,ftp://ftp.ncbi.nlm.nih.gov/genomes/all/GCA/900/143/645/GCA_900143645.1_IMG-taxon_2582580727_annotated_assembly,ftp://ftp.ncbi.nlm.nih.gov/genomes/all/GCF/900/143/645/GCF_900143645.1_IMG-taxon_2582580727_annotated_assembly,
GCA_900185645.1,Clostridium sp. BSD9I1,99.31,1.93,Bacteria;Terrabacteria group;Firmicutes,d__Bacteria;p__Firmicutes_A;c__Clostridia;o__Clostridiales;f__Clostridiaceae;g__Clostridium_AK;s__Clostridium_AK sp900185645,Firmicutes,Firmicutes,BSD9I1,SAMEA104113266,PRJEB21031,Isolate sequencing,NA,Isolate,GCA_900185645.1,Contig,3.85471,31.3,,FYAM01,27,0,2017-07-26T00:00:00Z,ftp://ftp.ncbi.nlm.nih.gov/genomes/all/GCA/900/185/645/GCA_900185645.1_BSD9I1_assembly_1,,
archaea30022,Methanoregula_0028,88.67,3.98,d__Archaea;p__Halobacterota;c__Methanomicrobia;o__Methanomicrobiales;f__Methanoregulaceae;g__Methanoregula;s__,d__Archaea;p__Halobacterota;c__Methanomicrobia;o__Methanomicrobiales;f__Methanoregulaceae;g__Methanoregula;s__,Euryarchaeota,Euryarchaeota,NA ,NA,NA,hypolimnion lake mendota metagenome,Peterson et al. unpublished,Freshwater,NA,Contig,2.71,48.8,NA,NA,NA,NA,2019,NA,NA,
bacteria00190,2582580680,75.14,0.29,d__Bacteria;p__Actinobacteriota;c__Thermoleophilia;o__UBA2241;f__UBA2241;g__;s__,d__Bacteria;p__Actinobacteriota;c__Thermoleophilia;o__UBA2241;f__UBA2241;g__UBA2241;s__,Actinobacteria,Actinobacteria,NA ,NA,NA,Freshwater lakes wisconsin,Linz et al. 2018,Freshwater,2582580680,Contig,2.53,69.3,NA,NA,NA,NA,2017,NA,NA,
bacteria00193,2582580684,77.19,0,d__Bacteria;p__Desulfobacterota;c__Desulfobulbia;o__Desulfobulbales;f__Desulfocapsaceae;g__;s__,d__Bacteria;p__Desulfobacterota;c__Desulfobulbia;o__Desulfobulbales;f__Desulfocapsaceae;g__;s__,Deltaproteobacteria,Deltaproteobacteria,NA ,NA,NA,Freshwater lakes wisconsin,Linz et al. 2018,Freshwater,2582580684,Contig,3.07,53,NA,NA,NA,NA,2017,NA,NA,
bacteria00203,2582580694,63.95,0,d__Bacteria;p__Bacteroidota;c__Bacteroidia;o__Bacteroidales;f__;g__;s__,d__Bacteria;p__Bacteroidota;c__Bacteroidia;o__Bacteroidales;f__FEN-979;g__FEN-979;s__,Bacteroidetes,Bacteroidetes,NA ,NA,NA,Freshwater lakes wisconsin,Linz et al. 2018,Freshwater,2582580694,Contig,2.54,45,NA,NA,NA,NA,2017,NA,NA,
bacteria23258,Bacteroidetes,74.61,3.69,d__Bacteria;p__Bacteroidota;c__Bacteroidia;o__Bacteroidales;f__;g__;s__,d__Bacteria;p__Bacteroidota;c__Bacteroidia;o__Bacteroidales;f__;g__;s__,Bacteroidetes,Bacteroidetes,K_DeepCast_100m_m2_162,NA,NA,lake tanganyika metagenome,Tran et al. unpublished,Freshwater,NA,Contig,3.13,41.2,NA,NA,NA,NA,2019,NA,NA,
bacteria23311,Deltaproteobacteria,64.08,1.47,d__Bacteria;p__Myxococcota;c__;o__;f__;g__;s__,d__Bacteria;p__Myxococcota;c__UBA9042;o__UBA9042;f__;g__;s__,Deltaproteobacteria,Deltaproteobacteria,M_DeepCast_400m_m1_331,NA,NA,lake tanganyika metagenome,Tran et al. unpublished,Freshwater,NA,Contig,3.68,70.9,NA,NA,NA,NA,2019,NA,NA,
bacteria30003,Bacteroidetes,89.14,4.21,d__Bacteria;p__Bacteroidota;c__Bacteroidia;o__Bacteroidales;f__;g__;s__,d__Bacteria;p__Bacteroidota;c__Bacteroidia;o__Bacteroidales;f__FEN-979;g__FEN-979;s__,Bacteroidetes,Bacteroidetes,Bacteroidetes_0005,NA,NA,hypolimnion lake mendota metagenome,Peterson et al. unpublished,Freshwater,NA,Contig,4.34,45.2,NA,NA,NA,NA,2019,NA,NA,
bacteria30004,Bacteroidetes,94.89,0.82,d__Bacteria;p__Bacteroidota;c__Bacteroidia;o__Bacteroidales;f__;g__;s__,d__Bacteria;p__Bacteroidota;c__Bacteroidia;o__Bacteroidales;f__FEN-979;g__FEN-979;s__,Bacteroidetes,Bacteroidetes,Bacteroidetes_0025,NA,NA,hypolimnion lake mendota metagenome,Peterson et al. unpublished,Freshwater,NA,Contig,3.521,45.2,NA,NA,NA,NA,2019,NA,NA,
bacteria30006,Bacteroidetes,98.92,2.69,d__Bacteria;p__Bacteroidota;c__Bacteroidia;o__Bacteroidales;f__;g__;s__,d__Bacteria;p__Bacteroidota;c__Bacteroidia;o__Bacteroidales;f__UBA7960;g__;s__,Bacteroidetes,Bacteroidetes,Bacteroidetes_0035,NA,NA,hypolimnion lake mendota metagenome,Peterson et al. unpublished,Freshwater,NA,Contig,4.1,34.1,NA,NA,NA,NA,2019,NA,NA,
bacteria30021,Margulisbacteria_0029,92.88,1.71,d__Bacteria;p__Margulisbacteria;c__GWF2-35-9;o__GWF2-35-9;f__;g__;s__,d__Bacteria;p__Margulisbacteria;c__GWF2-35-9;o__GWF2-35-9;f__GWF2-35-9;g__;s__,Margulisbacteria,Other,Margulisbacteria_0029,NA,NA,hypolimnion lake mendota metagenome,Peterson et al. unpublished,Freshwater,NA,Contig,1.94,33.9,NA,NA,NA,NA,2019,NA,NA,
bacteria30027,Verruco_0006,84.24,2.7,d__Bacteria;p__Verrucomicrobiota;c__Kiritimatiellae;o__RFP12;f__;g__;s__,d__Bacteria;p__Verrucomicrobiota;c__Kiritimatiellae;o__RFP12;f__;g__;s__,PVC;Verrucomicrobia,PVC,Verruco_0006,NA,NA,hypolimnion lake mendota metagenome,Peterson et al. unpublished,Freshwater,NA,Contig,4.59,64.1,NA,NA,NA,NA,2019,NA,NA,
bacteria30028,Verruco_0008,97.3,3.04,d__Bacteria;p__Verrucomicrobiota;c__Kiritimatiellae;o__UBA8416;f__;g__;s__,d__Bacteria;p__Verrucomicrobiota;c__Kiritimatiellae;o__UBA8416;f__;g__;s__,PVC;Verrucomicrobia,PVC,Verruco_0008,NA,NA,hypolimnion lake mendota metagenome,Peterson et al. unpublished,Freshwater,NA,Contig,5.24,63.5,NA,NA,NA,NA,2019,NA,NA,
bacteria30031,Verruco_0020,95.95,6.79,d__Bacteria;p__Verrucomicrobiota;c__Kiritimatiellae;o__UBA8416;f__;g__;s__,d__Bacteria;p__Verrucomicrobiota;c__Kiritimatiellae;o__UBA8416;f__;g__;s__,PVC;Verrucomicrobia,PVC,NA ,NA,NA,hypolimnion lake mendota metagenome,Peterson et al. unpublished,Freshwater,NA,Contig,4.27,58.4,NA,NA,NA,NA,2019,NA,NA,
bacteria30032,Verruco_0022,84.19,3.38,d__Bacteria;p__Verrucomicrobiota;c__Kiritimatiellae;o__;f__;g__;s__,d__Bacteria;p__Verrucomicrobiota;c__Kiritimatiellae;o__;f__;g__;s__,PVC;Verrucomicrobia,PVC,NA ,NA,NA,hypolimnion lake mendota metagenome,Peterson et al. unpublished,Freshwater,NA,Contig,5.58,64.8,NA,NA,NA,NA,2019,NA,NA,
bacteria30036,Verruco_0037,90.37,2.31,d__Bacteria;p__Verrucomicrobiota;c__Lentisphaeria;o__UBA1784;f__GWF2-38-69;g__;s__,d__Bacteria;p__Verrucomicrobiota;c__Lentisphaeria;o__Victivallales;f__GWF2-38-69;g__;s__,PVC;Verrucomicrobia,PVC,NA ,NA,NA,hypolimnion lake mendota metagenome,Peterson et al. unpublished,Freshwater,NA,Contig,2.5,38.3,NA,NA,NA,NA,2019,NA,NA,
